cell_id,Gate
6,1
7,0
8,1
9,1
10,1
11,1
12,0
13,1
14,1
15,1
16,1
17,1
18,1
19,1
20,1
21,1
22,0
23,1
24,1
27,1
29,0
31,1
33,0
35,0
37,1
40,1
42,1
44,1
46,0
48,1
50,0
51,1
54,1
56,0
58,1
60,1
61,1
63,1
66,1
68,1
70,1
72,1
74,0
75,1
76,0
80,1
82,1
84,1
85,1
87,1
89,0
90,1
91,1
93,1
95,0
96,1
98,1
102,1
103,1
105,1
107,1
110,1
112,1
114,1
116,1
119,1
121,1
124,1
125,1
126,1
131,0
132,1
134,1
135,1
137,1
138,1
140,0
141,1
142,1
143,1
144,1
145,0
151,1
152,1
154,0
155,1
156,0
157,0
164,0
165,1
166,1
167,0
168,1
169,1
173,1
175,1
176,1
178,0
179,1
180,1
250,1
251,1
252,0
253,1
254,1
255,1
256,1
257,1
258,1
259,1
260,1
261,1
262,1
263,1
264,1
265,1
266,1
267,1
268,1
269,1
270,1
271,0
272,1
273,0
274,0
275,0
276,0
277,0
278,1
279,1
280,1
281,0
282,1
283,1
284,1
285,0
286,1
287,1
288,1
289,1
290,0
291,0
292,0
293,1
294,0
295,1
296,0
297,1
298,0
299,1
492,0
493,0
494,1
495,1
496,1
497,1
504,0
505,0
506,1
507,1
508,0
509,1
511,1
518,1
519,0
520,0
521,0
522,0
523,1
530,0
531,1
532,0
533,1
534,1
535,1
542,1
543,1
544,0
545,1
546,1
547,1
554,1
555,1
556,1
557,1
558,1
559,1
566,1
567,1
568,1
570,1
572,0
574,0
579,1
580,0
581,0
583,1
585,1
587,1
589,1
592,1
593,1
594,1
804,1
805,0
806,0
814,0
815,0
920,1
921,0
922,1
923,0
924,1
925,1
926,1
927,0
928,1
929,0
930,1
931,1
932,0
933,0
934,0
935,0
936,0
937,0
938,0
939,0
940,1
941,0
942,1
943,1
944,0
945,0
946,1
947,1
948,0
950,1
951,0
952,1
953,0
954,0
955,0
960,1
961,1
962,0
963,1
964,0
965,1
966,0
967,1
968,0
969,1
970,0
971,0
972,1
973,1
974,0
975,1
976,1
977,0
978,0
979,0
980,1
981,0
982,1
983,1
984,0
985,0
986,1
987,0
988,1
989,1
990,0
991,1
992,1
993,0
994,0
995,0
996,0
997,1
998,1
999,1
1000,0
1001,1
1002,0
1003,0
1004,0
1005,1
1006,1
1007,0
1008,1
1009,1
1010,0
1011,0
1012,1
1013,1
1014,0
1015,1
1016,1
1017,1
1018,1
1033,1
1034,1
1035,1
1042,1
1043,0
1044,1
1045,1
1046,0
1047,1
1048,1
1055,0
1056,0
1057,0
1058,0
1059,1
1060,1
1066,0
1068,1
1069,1
1070,1
1071,1
1072,1
1073,1
1080,1
1081,0
1082,0
1083,0
1084,1
1085,0
1092,1
1093,1
1094,1
1095,1
1096,1
1097,0
1104,1
1105,1
1106,1
1107,1
1108,1
1109,1
1110,1
1117,1
1118,1
1119,0
1120,1
1121,1
1122,1
1123,0
1130,1
1132,1
1133,1
1204,1
1205,1
1206,1
1207,1
1208,1
1209,1
1210,1
1211,1
1212,1
1213,1
1214,1
1215,1
1216,0
1217,1
1218,0
1219,1
1220,1
1221,1
1222,1
1223,1
1224,1
1225,0
1226,1
1227,1
1228,0
1229,1
1230,1
1231,1
1232,1
1233,1
1234,1
1235,1
1236,1
1237,1
1238,1
1239,1
1240,1
1241,1
1242,1
1252,1
1253,0
1254,0
1255,0
1256,0
1262,0
1263,0
1264,1
1265,0
1266,1
1267,1
1268,1
1269,1
1270,0
1271,1
1272,0
1273,1
1274,0
1275,1
1276,0
1277,1
1278,0
1279,1
1280,0
1281,1
1282,0
1283,0
1284,0
1285,0
1286,0
1287,1
1288,0
1289,1
1290,0
1291,0
1292,0
1294,0
1295,1
1296,0
1301,0
1302,0
1303,0
1304,0
1305,1
1306,1
1307,1
1308,0
1309,1
1310,0
1311,1
1312,0
1313,1
1314,0
1315,1
1316,1
1317,0
1318,0
1319,0
1320,0
1321,0
1322,0
1323,1
1324,1
1325,1
1326,0
1327,0
1328,0
1329,0
1330,0
1331,0
1332,0
1333,1
1334,0
1335,0
1336,0
1337,0
1338,0
1339,0
1340,0
1341,1
1342,0
1343,0
1344,0
1345,0
1346,0
1347,0
1348,1
1349,0
1350,0
1351,0
1352,1
1353,0
1354,0
1355,0
1356,0
1357,0
1358,1
1359,0
1375,0
1376,0
1383,0
1384,1
1385,0
1386,0
1387,0
1388,1
1395,1
1396,0
1397,0
1398,0
1399,1
1400,0
1401,0
1408,0
1409,0
1410,0
1411,0
1412,1
1413,0
1418,1
1419,1
1421,0
1422,0
1424,0
1425,0
1427,1
1428,0
1429,0
1430,0
1431,0
1432,1
1439,0
1440,0
1441,0
1442,0
1443,1
1444,0
1447,0
1448,0
1449,0
1451,1
1452,1
1453,0
1457,1
1458,1
1459,1
1460,0
1502,0
1503,0
1504,1
1505,0
1506,0
1507,0
1508,0
1509,0
1510,1
1511,0
1512,0
1513,0
1514,0
1515,0
1516,0
1517,1
1518,0
1519,0
1520,0
1521,0
1522,0
1523,0
1524,0
1525,0
1526,0
1527,0
1528,0
1529,0
1530,0
1531,0
1532,1
1533,1
1534,0
1537,0
1538,0
1539,0
1540,0
1541,0
1542,0
1543,0
1550,0
1551,0
1552,0
1553,0
1554,0
1555,0
1562,0
1563,0
1564,0
1565,0
1566,0
1567,0
1568,0
1573,0
1575,0
1577,0
1578,0
1579,0
1580,1
1588,0
1589,0
1590,0
1591,0
1592,0
1593,0
1600,0
1601,0
1602,0
1603,0
1604,0
1605,0
1606,0
1613,0
1614,0
1615,0
1616,0
1617,0
1618,1
1625,0
1626,0
1627,0
1628,0
1629,0
1630,0
1636,0
1637,0
1638,0
1639,0
1640,0
1641,0
1642,1
1643,0
1644,0
1645,0
1646,0
1647,0
1648,0
1649,0
1650,1
1651,0
1654,0
1655,0
1662,0
1663,0
1664,0
1665,0
1666,1
1667,0
1673,1
1674,0
1675,0
1676,0
1677,0
1678,0
1681,0
1682,0
1683,0
1684,0
1685,0
1686,0
1687,0
1692,0
1693,1
1694,0
1695,0
1697,0
1698,0
1700,0
1701,0
1702,0
1703,0
1704,0
1705,0
1711,0
1712,1
1714,0
1715,0
1716,0
1717,0
1720,0
1721,0
1723,0
1724,0
1726,0
1727,0
1728,0
1731,0
1732,0
1733,0
1734,0
1735,0
1736,0
1743,0
1744,0
1745,0
1746,0
1747,1
1748,0
1751,0
1752,0
1754,0
1755,0
1757,0
1758,0
1760,0
1762,0
1763,0
1764,0
1765,0
1766,0
1767,0
1773,0
1774,0
1775,0
1777,0
1778,0
1780,0
1781,0
1782,0
1783,0
1784,0
1785,0
1786,0
1793,0
1794,0
1795,0
1796,0
1797,0
1798,0
1799,0
1802,1
1803,0
1805,0
1806,0
1808,0
1810,0
1812,0
1813,1
1814,0
1815,0
1816,0
1817,0
1854,0
1855,0
1856,0
1857,0
1858,0
1859,0
1860,0
1861,0
1862,0
1863,0
1864,0
1865,0
1866,0
1867,0
1868,0
1869,0
1870,0
1871,0
1872,0
1873,0
1874,0
1875,0
1876,0
1877,0
1878,0
1879,0
1880,0
1881,0
1882,0
1883,0
1884,0
1885,0
1886,0
1887,0
1888,0
1889,0
1890,0
1891,0
1893,0
1894,0
1895,1
1896,0
1897,0
1898,0
1901,0
1903,0
1905,0
1906,0
1907,0
1908,0
1909,0
1910,0
1911,0
1912,0
1913,0
1914,0
1915,0
1916,0
1917,1
1918,1
1919,0
1920,0
1921,0
1922,0
1923,0
1924,1
1925,0
1926,0
1927,0
1928,0
1929,0
1930,0
1931,0
1932,0
1933,1
1934,0
1935,1
1936,0
1937,0
1938,1
1939,0
1940,0
1941,0
1942,0
1943,1
1944,0
1945,1
1946,1
1947,0
1948,0
1949,0
1950,0
1951,0
1952,0
1953,0
1954,0
1955,0
1956,0
1957,1
1958,0
1959,0
1960,0
1961,0
1962,0
1963,0
1964,0
1965,0
1966,0
1967,0
1968,0
1969,0
1970,0
1971,0
1972,0
1973,0
1974,0
1975,1
1976,0
1977,0
1978,0
1979,0
1980,0
1981,0
1982,1
1983,0
1984,0
1985,0
1986,0
1987,0
1988,0
1989,0
1990,1
1991,0
1992,0
1993,0
1994,0
1995,0
1996,0
1997,0
1998,0
2000,0
2001,0
2003,0
2004,0
2005,0
2006,0
2009,0
2011,0
2012,0
2013,0
2014,0
2015,0
2016,0
2017,0
2018,0
2019,0
2020,0
2021,0
2022,1
2023,0
2024,0
2025,0
2026,0
2027,0
2028,0
2029,0
2030,0
2031,0
2032,0
2033,0
2034,0
2035,0
2036,0
2037,0
2038,0
2039,0
2040,0
2041,0
2042,0
2043,0
2044,0
2045,0
2046,0
2047,0
2048,0
2049,0
2050,1
2051,0
2052,0
2053,0
2054,0
2055,0
2056,0
2057,0
2058,0
2059,0
2060,0
2061,0
2062,0
2063,0
2064,0
2065,0
2066,0
2067,0
2068,0
2069,0
2070,0
2071,0
2072,0
2073,0
2074,0
2075,0
2076,1
2077,0
2078,1
2079,0
2080,0
2081,0
2082,0
2083,0
2084,1
2085,0
2086,0
2087,0
2088,0
2089,0
2090,0
2091,0
2092,0
2093,0
2094,0
2095,1
2096,0
2097,0
2098,0
2099,0
2103,1
2104,0
2105,0
2107,0
2109,0
2111,0
2115,0
2116,0
2117,0
2118,0
2119,0
2120,0
2122,0
2128,1
2129,0
2130,0
2131,0
2132,0
2133,1
2140,0
2141,0
2142,0
2143,0
2144,0
2145,0
2152,1
2153,0
2154,0
2155,0
2156,0
2157,0
2164,1
2165,0
2166,0
2167,0
2168,1
2169,0
2176,0
2177,0
2178,0
2179,0
2180,0
2181,0
2182,0
2189,0
2190,0
2191,0
2192,0
2193,1
2194,0
2195,0
2196,0
2197,0
2198,0
2199,0
2200,0
2201,0
2202,0
2203,1
2204,0
2205,0
2206,0
2207,0
2208,0
2209,0
2210,0
2211,0
2212,0
2213,0
2214,0
2215,0
2216,0
2217,0
2218,0
2219,0
2220,0
2221,0
2222,0
2223,0
2224,0
2225,0
2226,1
2227,0
2228,0
2229,0
2230,1
2231,0
2232,0
2233,0
2234,0
2235,1
2236,0
2237,0
2238,0
2239,0
2240,0
2241,0
2242,0
2243,0
2244,0
2245,0
2246,0
2247,0
2248,0
2249,0
2250,0
2251,0
2252,0
2253,0
2254,1
2255,0
2256,0
2257,0
2258,0
2259,0
2260,0
2261,0
2262,0
2263,0
2264,0
2265,1
2266,0
2267,0
2268,0
2269,0
2270,0
2271,0
2272,0
2273,0
2274,0
2275,0
2276,0
2277,0
2278,0
2279,0
2280,0
2282,0
2284,0
2286,1
2288,0
2290,0
2291,0
2292,0
2293,0
2294,0
2295,0
2296,0
2297,0
2298,0
2299,0
2300,0
2301,0
2302,0
2303,0
2304,1
2305,0
2306,0
2307,0
2308,0
2309,0
2310,0
2311,0
2312,0
2313,0
2314,0
2315,0
2316,0
2317,1
2318,0
2319,0
2320,0
2321,0
2322,0
2323,0
2324,0
2325,0
2326,0
2327,0
2328,1
2329,1
2330,1
2331,0
2332,0
2333,0
2334,1
2335,0
2336,0
2337,1
2338,1
2339,0
2340,0
2341,0
2342,0
2343,0
2344,0
2345,0
2346,1
2347,0
2348,0
2349,0
2350,0
2351,0
2352,0
2353,0
2354,0
2355,0
2356,0
2357,0
2358,0
2359,0
2360,0
2361,0
2362,0
2363,1
2364,0
2365,0
2366,0
2367,0
2368,0
2369,1
2370,1
2371,1
2372,1
2375,1
2376,0
2377,1
2379,1
2381,1
2383,0
2387,1
2388,1
2389,1
2391,1
2393,1
2395,1
2399,0
2400,1
2401,0
2402,1
2403,1
2404,1
2411,1
2412,0
2413,0
2414,1
2415,1
2416,1
2418,1
2425,0
2426,1
2427,1
2428,0
2429,1
2430,1
2437,0
2438,1
2439,1
2440,0
2441,1
2442,1
2443,1
2450,0
2451,0
2506,0
2507,1
2508,1
2509,0
2510,1
2511,1
2512,0
2513,1
2514,1
2515,1
2516,0
2517,0
2518,0
2568,0
2569,0
2570,1
2571,1
2572,1
2678,0
2679,0
2680,0
2681,1
2688,1
2689,1
2690,0
2691,1
2693,1
2695,0
2700,0
2701,0
2702,1
2703,0
2704,0
2705,1
2706,0
2713,1
2714,1
2715,0
2716,1
2717,0
2718,0
2724,1
2725,0
2727,0
2728,0
2729,1
2730,1
2731,1
2732,0
2733,1
2734,1
2735,0
2736,1
2742,0
2743,0
2745,1
2746,0
2747,0
2748,0
2749,1
2750,0
2751,0
2752,1
2753,1
2754,1
2759,1
2760,0
2762,1
2763,0
2765,1
2766,0
2768,0
2769,0
2770,0
2771,1
2772,0
2773,1
2780,1
2781,1
2782,1
2783,1
2784,1
2785,1
2791,1
2792,0
2793,1
2795,0
2796,1
2797,0
2798,1
2799,1
2800,1
2801,1
2802,1
2803,0
2808,1
2809,0
2811,0
2813,1
2814,0
2815,1
2817,1
2818,0
2819,1
2820,1
2821,0
2822,0
2823,1
2828,0
2830,1
2838,1
2839,0
2840,1
2841,1
2848,1
2849,0
2850,1
2851,0
2852,1
2853,1
2859,1
2861,0
2863,1
2864,0
2865,0
2866,1
2867,1
2868,0
2869,0
2870,1
2871,0
2872,1
2876,0
2878,0
2879,0
2881,1
2882,0
2883,0
2885,1
2886,1
2887,1
2888,1
2889,1
2890,1
2891,0
2896,1
2897,1
2899,0
2900,0
2902,1
2903,1
2904,1
2905,1
2906,0
2907,0
2908,0
2909,0
2914,1
2915,0
2917,1
2926,1
2927,0
2928,0
2935,0
2936,0
2937,0
2938,1
2939,1
2940,0
2948,1
2949,1
2950,1
2951,1
2952,1
2953,1
2960,1
2961,0
2962,1
2963,1
2964,0
2965,1
2966,1
2972,0
2974,1
2975,0
2976,1
2977,1
2978,1
2984,0
2986,1
2988,1
2989,0
2990,1
2991,1
2996,1
2998,0
3000,0
3001,1
3002,1
3003,0
3004,0
3007,1
3009,1
3010,0
3012,1
3014,0
3015,0
3017,1
3018,0
3019,1
3020,1
3021,1
3022,0
3029,1
3030,1
3031,1
3032,1
3033,1
3034,0
3035,1
3041,1
3042,0
3044,1
3045,0
3046,0
3047,1
3048,0
3050,0
3051,1
3053,1
3055,0
3057,0
3058,1
3062,1
3063,0
3064,0
3065,0
3066,0
3067,0
3068,0
3075,0
3076,0
3077,0
3078,0
3079,0
3080,0
3086,0
3088,0
3089,1
3090,0
3091,0
3092,0
3093,0
3096,1
3097,1
3098,0
3100,1
3102,1
3104,0
3106,1
3107,0
3108,1
3109,0
3111,1
3112,1
3114,1
3116,1
3120,1
3121,0
3122,1
3123,0
3124,0
3125,0
3132,1
3133,0
3134,0
3135,0
3136,1
3137,0
3138,0
3145,1
3146,1
3147,0
3148,0
3149,1
3150,1
3152,0
3153,1
3155,1
3156,0
3158,0
3160,1
3163,1
3164,0
3165,1
3166,1
3168,0
3170,0
3171,0
3176,0
3177,0
3178,1
3179,0
3180,0
3181,0
3187,0
3188,0
3190,0
3191,0
3193,0
3194,0
3195,0
3202,0
3203,0
3204,0
3205,0
3206,0
3207,0
3215,0
3216,0
3217,0
3218,0
3219,0
3220,0
3227,0
3228,0
3229,0
3230,0
3231,0
3232,0
3233,1
3240,0
3241,0
3242,0
3247,0
3251,1
3252,1
3259,1
3260,1
3261,0
3262,0
3264,1
3266,0
3269,0
3272,0
3274,0
3278,0
3281,0
3282,1
3283,1
3290,0
3291,0
3292,0
3293,0
3294,0
3297,1
3303,0
3304,1
3305,0
3306,0
3307,0
3308,0
3309,0
3316,1
3317,0
3318,0
3319,0
3320,0
3321,0
3328,0
3329,1
3330,1
3331,0
3332,0
3333,0
3340,0
3341,0
3342,0
3343,1
3344,1
3345,0
3346,0
3354,1
3355,1
3356,0
3357,0
3358,1
3359,0
3366,1
3367,1
3368,0
3369,0
3370,0
3371,0
3372,0
3379,0
3380,1
3381,0
3382,1
3383,1
3384,1
3391,0
3392,1
3393,0
3394,0
3395,0
3396,1
3403,1
3404,0
3405,0
3406,0
3407,0
3408,1
3416,0
3417,0
3418,1
3419,1
3420,1
3421,0
3428,1
3429,0
3430,0
3431,0
3432,0
3433,1
3440,0
3441,0
3442,1
3443,1
3444,1
3445,0
3452,0
3453,0
3454,0
3455,1
3456,0
3457,1
3458,0
3465,1
3466,0
3467,1
3468,0
3469,0
3470,0
3471,0
3478,0
3479,0
3480,1
3481,0
3482,1
3483,0
3490,1
3491,0
3492,0
3493,0
3494,1
3495,0
3503,0
3504,0
3505,0
3506,0
3507,0
3508,0
3515,1
3516,1
3517,1
3518,0
3519,1
3520,0
3527,0
3528,0
3529,1
3530,0
3531,0
3532,0
3533,1
3540,0
3541,1
3542,1
3543,0
3544,0
3545,0
3552,1
3553,0
3554,0
3555,0
3556,1
3557,1
3564,0
3565,0
3566,0
3567,0
3568,1
3569,1
3570,1
3577,0
3578,1
3579,1
3580,1
3581,0
3582,1
3589,0
3590,1
3591,0
3592,0
3593,0
3594,1
3602,0
3603,0
3604,0
3605,1
3606,0
3607,0
3614,1
3615,0
3616,0
3617,0
3618,1
3619,0
3627,1
3628,1
3629,0
3630,0
3631,0
3632,0
3640,0
3641,1
3642,0
3643,0
3644,0
3645,0
3652,0
3653,1
3654,1
3655,0
3656,1
3657,0
3664,1
3665,1
3666,0
3667,1
3668,0
3669,0
3677,1
3678,0
3679,0
3680,1
3681,0
3682,0
3689,1
3690,1
3691,0
3692,0
3693,0
3694,0
3701,0
3702,0
3703,0
3704,1
3705,1
3706,1
3713,0
3714,0
3715,1
3716,0
3717,1
3718,1
3725,0
3726,0
3727,0
3728,0
3729,1
3730,0
3731,0
3738,0
3739,0
3740,0
3741,0
3742,0
3743,0
3751,1
3752,0
3753,0
3754,0
3755,0
3756,0
3763,0
3764,0
3765,0
3766,0
3767,0
3768,0
3775,0
3776,0
3777,0
3778,0
3779,0
3780,0
3787,0
3788,0
3789,0
3790,0
3791,0
3792,1
3800,1
3801,1
3802,0
3803,0
3804,1
3805,0
3812,0
3813,0
3814,0
3815,1
3816,1
3817,0
3824,1
3825,0
3826,0
3827,0
3828,0
3829,1
3830,0
3835,0
3837,1
3839,0
3840,0
3841,1
3842,0
3847,0
3849,1
3850,0
3852,0
3853,0
3854,0
3859,1
3861,0
3862,0
3864,1
3865,0
3866,0
3872,0
3873,0
3875,0
3876,1
3878,1
3879,1
3885,0
3886,0
3888,0
3889,0
3890,0
3891,0
3897,0
3899,0
3900,1
3901,0
3902,0
3903,0
3910,1
3911,1
3912,0
3913,0
3914,0
3915,0
3921,0
3923,0
3924,0
3925,0
3926,1
3927,0
3928,0
3934,0
3935,0
3937,0
3938,0
3940,0
3941,0
3947,0
3948,0
3950,0
3951,0
3952,0
3953,1
3958,0
3960,0
3962,1
3963,0
3964,1
3965,0
3970,0
3971,0
3973,0
3975,0
3976,0
3977,0
3983,1
3984,0
3986,0
3987,0
3988,1
3989,0
3996,1
3997,0
3998,0
3999,0
4000,0
4001,0
4009,0
4010,0
4011,1
4012,0
4013,0
4014,0
4021,0
4022,1
4023,0
4024,1
4025,0
4026,0
4033,1
4034,1
4035,0
4036,0
4037,1
4038,0
4046,1
4047,0
4048,0
4049,1
4050,1
4051,0
4059,1
4060,0
4061,0
4062,1
4063,0
4064,0
4065,1
4072,0
4073,1
4074,0
4075,1
4076,1
4077,1
4078,1
4079,0
4080,0
4081,1
4082,1
4083,0
4084,0
4085,0
4086,1
4087,0
4088,0
4089,1
4090,0
4091,1
4092,1
4093,1
4094,0
4095,0
4096,0
4097,1
4098,1
4099,1
4100,0
4101,0
4102,0
4103,0
4104,1
4105,0
4106,0
4107,1
4108,0
4109,1
4110,1
4111,0
4112,1
4113,1
4114,1
4115,0
4116,1
4117,0
4118,1
4119,1
4120,1
4121,1
4122,0
4123,0
4124,1
4125,1
4126,1
4127,1
4128,1
4129,0
4130,0
4131,0
4132,0
4133,1
4134,1
4135,1
4136,0
4137,0
4138,1
4139,1
4140,1
4141,1
4142,1
4143,1
4144,1
4145,0
4146,0
4147,0
4148,1
4149,1
4150,1
4151,1
4152,1
4153,1
4154,1
4155,0
4156,1
4157,1
4158,1
4159,1
4160,1
4161,1
4162,0
4163,0
4164,0
4165,1
4166,1
4167,1
4168,1
4169,1
4170,1
4171,0
4172,0
4173,1
4174,1
4175,1
4176,1
4177,1
4178,0
4179,0
4180,1
4181,1
4182,1
4183,1
4184,1
4185,1
4186,0
4187,1
4188,0
4189,0
4190,0
4191,1
4192,0
4193,0
4194,0
4195,0
4196,0
4197,0
4198,0
4199,1
4200,1
4206,1
4207,0
4208,0
4209,1
4210,1
4211,1
4212,1
4213,0
4214,1
4215,1
4216,1
4217,1
4218,1
4219,1
4220,0
4221,0
4222,1
4223,0
4224,1
4225,1
4226,0
4227,0
4228,0
4229,1
4230,1
4231,0
4232,0
4233,0
4234,1
4235,0
4236,0
4237,0
4238,0
4239,0
4240,1
4241,1
4242,1
4243,1
4244,1
4245,1
4246,0
4247,1
4248,0
4249,0
4250,0
4251,1
4252,0
4253,1
4254,0
4255,0
4256,1
4257,1
4258,1
4259,1
4260,0
4261,1
4262,0
4263,0
4264,0
4265,0
4266,0
4267,1
4268,0
4269,0
4270,1
4271,0
4272,0
4273,0
4274,1
4275,0
4276,0
4277,0
4278,0
4279,1
4280,0
4281,0
4282,0
4283,1
4284,0
4285,0
4286,1
4287,1
4288,1
4289,1
4290,0
4291,0
4293,1
4294,0
4295,0
4296,1
4297,1
4298,0
4305,0
4306,0
4307,0
4308,0
4309,0
4310,0
4315,0
4317,1
4319,1
4321,1
4322,1
4323,1
4324,1
4331,1
4332,1
4333,1
4334,0
4335,1
4336,1
4343,1
4344,0
4345,0
4346,0
4348,0
4350,1
4355,0
4356,1
4357,0
4358,0
4359,1
4360,1
4367,1
4368,1
4369,1
4370,1
4371,1
4372,1
4373,0
4381,0
4382,0
4383,1
4384,0
4385,1
4386,0
4393,0
4394,1
4395,0
4396,1
4397,1
4400,0
4405,1
4406,1
4408,0
4410,1
4412,1
4414,1
4417,0
4418,1
4421,0
4424,1
4427,0
4428,1
4436,0
4437,1
4438,1
4439,0
4440,0
4441,0
4448,1
4449,0
4450,1
4451,1
4453,0
4456,0
4460,1
4462,0
4466,1
4469,1
4471,1
4472,0
4478,1
4480,1
4481,1
4482,1
4483,0
4484,1
4491,0
4492,0
4493,1
4497,1
4501,0
4502,0
4509,0
4510,0
4511,1
4512,0
4514,1
4517,0
4527,1
4528,0
4529,1
4530,1
4532,1
4535,0
4546,1
4547,1
4548,1
4549,1
4550,0
4551,1
4552,1
4559,1
4560,1
4561,0
4562,1
4563,0
4565,0
4578,1
4579,1
4580,0
4583,1
4586,0
4589,1
4593,1
4595,1
4597,0
4599,1
4600,0
4601,1
4608,1
4609,1
4610,0
4611,0
4612,1
4613,1
4621,0
4622,1
4623,1
4624,1
4626,0
4628,1
4633,1
4635,1
4639,1
4642,0
4644,1
4645,0
4646,1
4654,1
4655,1
4656,1
4657,1
4658,1
4659,1
4666,0
4667,0
4668,1
4670,0
4672,0
4675,1
4684,0
4685,1
4686,0
4687,1
4688,0
4689,1
4690,0
4698,0
4699,1
4700,1
4701,1
4702,0
4703,1
4710,1
4711,1
4712,0
4713,0
4714,1
4715,0
4720,0
4721,0
4723,1
4724,0
4726,0
4727,1
4728,0
4729,0
4730,1
4731,0
4733,0
4734,1
4740,1
4743,1
4745,1
4748,0
4750,1
4751,0
4752,1
4756,1
4758,0
4760,1
4762,1
4763,1
4764,1
4771,1
4772,1
4773,1
4774,1
4775,1
4776,1
4783,1
4784,0
4785,1
4786,1
4787,1
4788,1
4789,1
4797,1
4798,1
4799,1
4800,1
4802,0
4804,1
4809,1
4810,1
4811,1
4812,1
4813,1
4815,1
4821,1
4822,1
4823,1
4825,0
4826,1
4828,1
4830,0
4834,1
4835,1
4836,0
4837,0
4838,1
4840,0
4847,1
4848,1
4849,1
4851,1
4852,1
4854,1
4859,0
4860,0
4861,0
4862,0
4863,1
4864,1
4871,1
4872,0
4873,0
4874,0
4875,0
4877,1
4883,1
4884,0
4885,1
4887,0
4888,1
4890,1
4892,0
4896,0
4897,1
4898,1
4899,1
4900,1
4901,0
4908,1
4909,1
4910,1
4912,1
4913,1
4915,1
4920,0
4921,1
4923,0
4924,1
4926,1
4929,0
4937,0
4940,1
4941,1
4942,1
4943,1
4944,1
4945,1
4952,0
4953,0
4954,0
4955,0
4956,0
4957,0
4964,0
4965,0
4966,0
4967,0
4968,0
4969,0
4977,0
4978,1
4979,1
4980,0
4981,0
4982,1
4989,1
4990,0
4991,0
4992,0
4993,0
4994,0
5001,0
5002,1
5003,1
5004,1
5005,0
5006,0
5014,0
5015,0
5016,0
5017,0
5018,0
5019,0
5024,0
5027,0
5028,0
5029,0
5030,0
5031,1
5038,0
5039,0
5040,0
5041,1
5042,0
5043,0
5052,1
5054,1
5056,1
5058,0
5060,1
5061,1
5062,0
5067,0
5070,0
5071,1
5072,0
5073,1
5074,0
5081,0
5082,0
5083,1
5084,1
5085,1
5086,1
5094,1
5095,0
5096,0
5097,1
5098,1
5099,1
5106,1
5107,0
5108,0
5109,1
5110,0
5111,0
5118,1
5119,0
5120,0
5121,1
5122,0
5123,1
5130,0
5131,1
5132,0
5133,0
5134,1
5135,0
5142,0
5143,1
5144,1
5145,1
5146,1
5147,0
5155,0
5156,1
5157,1
5158,1
5159,1
5160,0
5167,0
5168,0
5169,1
5170,0
5171,1
5172,1
5173,0
5180,0
5181,1
5182,0
5183,1
5184,0
5185,1
5192,1
5193,1
5194,1
5195,1
5196,1
5197,0
5204,1
5205,1
5206,1
5207,1
5208,1
5209,1
5216,1
5217,1
5218,1
5219,1
5220,0
5221,1
5228,1
5229,1
5230,1
5231,0
5232,1
5233,1
5240,0
5241,1
5242,1
5243,0
5244,0
5245,1
5252,0
5253,1
5254,0
5255,0
5256,1
5260,1
5264,0
5265,1
5266,1
5267,1
5268,0
5269,0
5276,0
5277,1
5278,0
5279,0
5280,0
5281,0
5288,0
5289,1
5290,1
5291,1
5292,1
5293,0
5296,1
5301,1
5302,0
5303,1
5304,1
5305,1
5306,0
5314,1
5315,0
5316,1
5317,1
5318,0
5319,0
5326,1
5327,0
5328,0
5329,0
5330,1
5331,0
5338,0
5339,0
5340,0
5341,0
5342,0
5343,0
5350,0
5351,0
5352,0
5353,0
5354,0
5355,0
5358,0
5363,0
5364,1
5365,0
5366,1
5367,0
5368,1
5369,0
5377,1
5378,0
5379,0
5380,0
5381,1
5382,0
5389,0
5390,1
5391,1
5392,1
5393,0
5394,0
5399,1
5400,0
5401,1
5402,1
5403,1
5404,1
5405,1
5406,1
5407,1
5408,1
5409,1
5410,1
5411,1
5412,0
5413,0
5414,1
5415,1
5416,1
5417,0
5418,0
5419,0
5420,0
5421,1
5422,0
5423,1
5424,1
5425,0
5426,1
5427,1
5428,1
5429,1
5430,1
5431,1
5432,1
5433,1
5434,1
5435,1
5436,0
5437,0
5438,0
5439,0
5440,0
5441,1
5442,1
5443,1
5444,0
5445,0
5446,0
5447,0
5448,0
5449,1
5450,1
5451,1
5452,0
5453,0
5454,0
5455,1
5456,1
5457,0
5458,0
5459,0
5460,0
5463,0
5464,1
5465,0
5466,1
5467,1
5468,0
5472,1
5473,1
5474,0
5475,0
5476,0
5477,0
5478,0
5479,0
5480,1
5481,1
5482,1
5483,0
5484,0
5485,0
5486,1
5487,1
5488,0
5489,1
5490,1
5491,1
5492,0
5493,1
5494,0
5495,0
5496,0
5497,0
5498,0
5499,1
5500,0
5501,1
5502,1
5503,0
5504,1
5505,0
5506,0
5507,0
5508,0
5509,1
5510,1
5511,1
5512,0
5513,0
5514,0
5515,0
5516,0
5517,1
5518,1
5519,0
5520,0
5521,0
5522,0
5523,0
5524,0
5525,0
5526,0
5527,0
5528,1
5529,0
5530,0
5531,1
5532,0
5533,1
5534,0
5535,0
5536,0
5537,0
5538,0
5539,0
5540,0
5541,0
5542,0
5543,1
5544,1
5545,1
5546,0
5547,0
5551,0
5552,1
5553,0
5554,0
5555,1
5556,0
5564,0
5565,0
5566,0
5567,0
5568,1
5569,0
5576,0
5577,0
5578,0
5579,0
5580,1
5581,0
5582,1
5589,0
5590,1
5591,0
5592,1
5593,0
5594,0
5601,0
5602,1
5603,0
5604,0
5605,0
5606,0
5607,1
5615,0
5616,0
5617,0
5618,0
5619,0
5620,0
5627,0
5629,0
5632,0
5633,0
5636,0
5638,0
5645,0
5646,1
5647,0
5648,0
5649,0
5650,0
5657,0
5658,0
5659,0
5660,0
5661,0
5662,0
5670,0
5671,0
5672,0
5673,0
5674,1
5675,1
5676,0
5683,0
5684,0
5685,0
5686,0
5687,0
5688,0
5695,1
5696,0
5697,0
5698,0
5699,0
5700,0
5707,1
5708,0
5709,1
5710,0
5711,0
5712,1
5720,0
5721,1
5722,0
5723,0
5724,0
5725,0
5726,0
5733,1
5734,0
5735,0
5736,1
5737,1
5738,0
5744,0
5746,0
5747,1
5748,0
5749,1
5750,1
5757,0
5758,0
5759,0
5760,1
5761,0
5762,0
5770,0
5771,0
5772,0
5773,0
5774,0
5775,0
5782,1
5783,0
5784,0
5785,0
5786,0
5787,0
5794,0
5795,0
5796,0
5797,1
5798,0
5799,0
5806,0
5807,0
5808,1
5809,0
5810,0
5811,0
5812,0
5817,0
5819,0
5821,0
5822,0
5823,0
5824,0
5831,0
5832,0
5833,1
5834,0
5835,1
5836,0
5841,0
5842,0
5846,0
5847,0
5848,0
5849,0
5853,0
5854,0
5858,0
5859,0
5860,0
5861,0
5865,0
5867,1
5870,1
5871,1
5872,1
5873,0
5880,0
5881,1
5882,0
5883,0
5884,0
5885,1
5892,0
5893,0
5894,0
5895,0
5896,0
5897,1
5898,0
5905,0
5906,1
5907,0
5908,1
5909,1
5910,0
5917,0
5918,0
5919,0
5920,1
5921,1
5922,1
5929,0
5931,0
5932,0
5933,0
5934,0
5935,1
5942,0
5943,1
5944,0
5945,0
5946,0
5947,1
5953,1
5955,0
5956,0
5957,0
5958,0
5959,0
5960,0
5966,0
5968,1
5969,0
5970,0
5971,0
5972,0
5979,0
5980,0
5981,1
5982,1
5983,0
5984,1
5991,0
5992,0
5993,1
5994,0
5995,0
5996,1
6004,1
6005,0
6006,0
6007,0
6008,0
6009,0
6016,1
6017,0
6018,0
6019,0
6020,1
6021,0
6028,0
6029,1
6030,1
6031,0
6032,0
6033,0
6040,1
6041,1
6042,0
6043,0
6044,0
6045,0
6052,0
6053,0
6054,0
6055,0
6056,0
6057,0
6065,0
6066,0
6067,0
6068,1
6069,0
6070,0
6072,0
6078,0
6079,0
6080,0
6081,0
6082,0
6083,0
6090,1
6091,0
6092,1
6093,0
6094,0
6095,0
6097,0
6104,0
6105,0
6106,0
6107,0
6108,1
6109,0
6116,0
6117,0
6118,0
6119,0
6120,0
6121,0
6128,1
6129,0
6130,1
6131,0
6132,0
6133,0
6140,1
6141,0
6142,1
6143,0
6144,0
6145,0
6151,0
6152,0
6153,1
6155,1
6156,1
6157,0
6162,0
6164,1
6165,0
6167,0
6169,0
6170,0
6171,0
6177,1
6179,1
6180,0
6181,1
6182,1
6183,0
6191,0
6192,1
6193,1
6194,0
6195,0
6196,1
6203,0
6204,0
6205,0
6206,0
6207,0
6208,0
6215,0
6216,0
6217,0
6218,1
6219,0
6220,1
6227,0
6228,0
6229,0
6230,0
6231,0
6232,0
6233,1
6241,1
6242,0
6243,0
6244,0
6245,0
6246,0
6253,0
6254,0
6255,1
6256,0
6257,0
6258,1
6265,0
6266,0
6267,0
6268,0
6269,0
6270,0
6271,0
6278,0
6279,0
6280,0
6281,1
6282,0
6283,0
6290,0
6291,0
6292,0
6293,1
6294,0
6295,0
6301,0
6303,0
6304,1
6305,0
6306,0
6307,0
6314,0
6315,0
6316,0
6317,0
6318,0
6319,0
6326,0
6327,0
6328,0
6329,1
6330,0
6331,0
6338,0
6339,0
6340,1
6341,1
6342,0
6343,0
6344,0
6351,0
6352,0
6353,0
6354,0
6355,0
6356,1
6364,0
6365,0
6366,0
6367,0
6368,1
6369,0
6376,0
6377,0
6378,0
6379,0
6380,1
6381,0
6388,1
6389,0
6390,0
6391,0
6392,1
6393,0
6401,0
6402,0
6403,0
6404,0
6405,1
6406,0
6413,1
6414,0
6415,0
6416,0
6417,0
6418,0
6425,1
6426,0
6427,0
6428,0
6430,0
6432,0
6437,0
6438,1
6439,0
6440,0
6441,0
6442,0
6443,0
6450,1
6451,0
6452,0
6453,0
6454,0
6455,0
6462,0
6463,0
6464,0
6465,1
6466,1
6467,0
6474,0
6475,1
6476,1
6477,0
6478,0
6479,1
6486,1
6487,0
6488,0
6489,0
6490,0
6491,0
6498,0
6499,0
6500,0
6501,0
6502,0
6503,0
6510,1
6511,1
6512,0
6513,1
6514,0
6515,0
6523,1
6524,0
6525,1
6526,1
6527,0
6528,0
6535,1
6536,1
6537,1
6538,1
6539,0
6540,0
6541,1
6548,0
6549,0
6550,1
6551,0
6552,0
6553,1
6560,0
6561,1
6562,1
6563,0
6564,0
6565,1
6573,1
6574,1
6575,1
6576,1
6577,1
6578,1
6585,1
6586,0
6587,0
6588,0
6589,0
6590,1
6597,0
6598,1
6599,0
6600,1
6601,1
6602,1
6609,1
6610,1
6611,1
6612,1
6613,1
6614,1
6615,1
6622,0
6623,1
6624,0
6625,1
6626,1
6627,1
6634,0
6635,0
6636,1
6637,0
6638,1
6639,1
6646,0
6647,1
6648,1
6649,1
6650,0
6651,0
6658,1
6659,1
6660,1
6661,1
6662,0
6663,0
6670,0
6671,0
6672,1
6673,1
6674,0
6675,0
6676,0
6677,1
6678,1
6679,0
6680,1
6681,0
6682,0
6683,1
6684,1
6685,0
6686,1
6687,0
6688,1
6689,1
6690,1
6691,1
6692,1
6693,0
6694,1
6695,1
6696,1
6697,1
6698,1
6699,1
6700,1
6701,1
6702,0
6703,0
6704,1
6705,0
6706,1
6713,1
6714,1
6715,0
6716,0
6717,1
6718,1
6719,0
6720,0
6721,1
6722,1
6723,1
6724,0
6725,1
6726,1
6727,1
6728,1
6729,1
6730,0
6731,1
6732,0
6733,1
6734,1
6735,1
6736,1
6737,1
6738,1
6739,0
6740,1
6741,1
6742,1
6743,0
6744,1
6745,0
6746,1
6747,0
6748,1
6749,1
6750,0
6751,0
6752,1
6753,0
6754,1
6755,0
6756,1
6757,0
6758,0
6759,1
6760,1
6761,0
6762,0
6763,1
6764,0
6765,0
6766,1
6767,0
6768,1
6769,1
6770,0
6771,0
6772,1
6773,1
6774,1
6775,0
6776,1
6777,1
6778,1
6779,0
6780,0
6781,1
6782,1
6783,1
6784,1
6785,1
6786,0
6787,1
6788,0
6789,0
6790,1
6791,1
6792,1
6794,1
6795,1
6796,1
6797,0
6798,1
6799,1
6800,1
6807,0
6808,1
6809,0
6810,1
6811,0
6812,1
6820,1
6821,1
6822,1
6823,0
6824,0
6825,1
6832,1
6833,1
6834,1
6835,1
6836,1
6837,1
6844,1
6845,1
6846,1
6847,1
6848,0
6849,1
6857,1
6858,1
6859,0
6860,1
6861,1
6862,1
6867,1
6869,0
6870,1
6872,1
6873,1
6874,1
6876,0
6877,0
6878,0
6879,0
6880,1
6881,1
6888,0
6889,0
6890,0
6891,0
6892,1
6893,1
6894,1
6902,1
6903,1
6904,1
6905,1
6906,0
6907,0
6912,1
6913,0
6915,1
6916,0
6917,0
6918,1
6920,0
6921,1
6922,1
6927,0
6929,1
6930,1
6931,1
6933,1
6934,1
6935,1
6936,1
6937,1
6938,0
6945,1
6946,1
6947,1
6948,1
6949,1
6950,1
6958,0
6959,0
6960,0
6962,1
6963,1
6964,1
6965,1
6966,1
6967,1
6968,0
6969,1
6970,1
6971,1
6978,1
6979,1
6980,0
6981,1
6982,1
6983,1
6986,1
6988,1
6990,1
6991,1
6993,1
6994,1
6996,1
6997,0
6998,1
6999,1
7000,0
7001,1
7002,1
7009,1
7010,1
7012,1
7013,0
7014,1
7015,1
7018,1
7019,1
7021,1
7023,0
7024,0
7026,1
7027,1
7029,1
7030,1
7031,1
7032,1
7033,1
7034,0
7035,0
7042,1
7043,1
7044,0
7045,1
7046,1
7047,0
7052,0
7054,1
7055,1
7057,1
7058,0
7059,1
7060,0
7062,0
7063,0
7065,1
7067,1
7068,0
7069,0
7071,0
7075,1
7076,1
7077,1
7078,0
7079,0
7080,0
7081,0
7087,0
7088,0
7090,0
7091,1
7092,0
7093,0
7096,0
7098,0
7099,0
7101,0
7103,1
7104,0
7106,0
7107,0
7108,0
7109,1
7110,1
7111,0
7112,1
7119,1
7120,1
7121,0
7122,0
7123,0
7124,0
7131,0
7132,1
7133,0
7135,0
7136,0
7137,1
7138,0
7145,0
7146,0
7147,0
7148,0
7149,0
7150,1
7157,0
7158,0
7160,0
7166,0
7167,0
7168,0
7173,0
7175,0
7177,0
7178,0
7179,0
7180,0
7181,0
7188,0
7189,0
7190,0
7191,0
7192,0
7193,0
7195,0
7197,0
7199,0
7200,0
7201,0
7203,0
7207,0
7208,0
7209,0
7210,0
7211,0
7212,0
7219,0
7220,0
7221,0
7222,0
7223,0
7224,0
7231,0
7232,0
7233,0
7234,0
7235,0
7236,0
7243,0
7244,0
7245,0
7246,0
7247,0
7248,0
7249,0
7252,0
7253,0
7255,1
7257,0
7258,0
7260,0
7262,0
7263,0
7264,0
7265,0
7266,1
7267,0
7274,0
7275,0
7276,0
7277,0
7278,0
7279,0
7285,0
7286,1
7288,0
7289,0
7290,0
7291,0
7292,0
7293,0
7294,0
7295,0
7296,0
7298,0
7304,1
7305,0
7306,0
7307,0
7308,0
7309,0
7317,0
7318,1
7319,0
7320,0
7321,1
7322,0
7329,0
7330,0
7331,0
7332,0
7333,0
7334,0
7340,0
7342,0
7343,0
7344,0
7345,0
7346,0
7347,0
7353,1
7355,1
7356,1
7357,0
7358,1
7359,0
7363,1
7365,0
7367,1
7369,1
7370,1
7371,1
7372,0
7377,0
7379,0
7381,0
7383,1
7384,1
7385,1
7388,1
7390,1
7391,1
7394,0
7396,0
7397,0
7401,1
7403,0
7404,1
7406,1
7408,1
7409,1
7414,0
7416,0
7418,1
7419,1
7421,0
7422,0
7423,0
7427,1
7429,0
7431,1
7433,0
7434,1
7435,0
7440,0
7442,0
7444,0
7446,1
7447,0
7448,0
7454,0
7456,0
7457,0
7458,1
7459,0
7460,0
7467,1
7468,0
7469,0
7470,0
7471,0
7472,0
7473,0
7481,0
7482,0
7483,0
7484,0
7485,0
7486,0
7487,0
7494,0
7495,0
7496,1
7497,0
7498,0
7499,0
7506,1
7507,0
7508,0
7509,0
7510,0
7511,1
7518,0
7519,0
7520,0
7521,1
7522,0
7523,0
7530,0
7531,0
7532,1
7533,1
7534,1
7535,0
7539,1
7541,0
7543,0
7545,0
7546,0
7547,1
7553,0
7555,0
7556,0
7557,0
7558,1
7559,0
7567,0
7568,0
7569,1
7570,0
7571,1
7572,0
7573,0
7580,1
7581,0
7582,0
7583,1
7584,1
7585,0
7592,0
7593,0
7594,0
7595,0
7596,0
7597,0
7604,1
7605,0
7606,0
7607,0
7608,0
7609,0
7616,1
7617,1
7618,0
7619,1
7620,1
7621,1
7628,0
7629,1
7630,0
7631,1
7632,0
7633,1
7640,0
7642,0
7643,0
7644,0
7645,0
7646,0
7650,1
7652,1
7654,0
7655,0
7657,1
7658,0
7665,0
7667,1
7668,0
7669,1
7670,0
7671,0
7675,0
7677,1
7679,0
7680,0
7682,0
7683,0
7688,1
7690,1
7692,0
7693,1
7694,0
7695,1
7702,1
7703,0
7704,0
7705,1
7706,0
7707,1
7708,0
7715,0
7716,0
7717,1
7718,1
7719,1
7720,0
7727,0
7728,1
7729,1
7730,0
7731,0
7732,1
7739,1
7740,0
7741,1
7742,0
7743,0
7744,0
7751,1
7752,1
7753,1
7754,0
7755,0
7756,1
7764,1
7765,0
7766,1
7767,0
7768,1
7769,1
7770,1
7777,0
7778,1
7779,0
7780,0
7781,1
7782,1
7789,1
7790,1
7791,0
7792,1
7793,1
7794,1
7801,1
7802,1
7803,0
7804,0
7805,1
7806,0
7814,1
7815,1
7816,1
7817,1
7818,1
7819,1
7820,1
7827,0
7828,0
7829,0
7830,1
7831,1
7832,0
7839,0
7840,0
7841,1
7842,0
7843,0
7844,0
7851,0
7852,1
7853,0
7854,0
7855,1
7856,0
7864,0
7865,1
7866,1
7867,1
7868,0
7869,1
7877,0
7878,0
7879,0
7880,0
7881,0
7882,0
7889,0
7890,0
7891,0
7892,1
7893,1
7894,0
7901,0
7902,0
7903,0
7904,1
7905,0
7906,0
7907,0
7913,0
7915,0
7916,0
7917,0
7918,1
7919,0
7926,0
7927,1
7928,0
7929,0
7930,1
7931,1
7934,0
7936,0
7938,0
7940,1
7942,0
7943,0
7947,0
7949,0
7951,0
7953,0
7954,0
7955,0
7962,1
7964,1
7966,1
7967,1
7968,0
7971,0
7974,1
7975,1
7976,1
7977,1
7978,0
7981,1
7986,1
7987,1
7988,0
7989,1
7990,0
7991,0
7999,0
8000,1
8001,1
8002,1
8003,1
8004,0
8006,0
8012,0
8013,1
8014,0
8015,0
8016,0
8017,1
8024,0
8025,1
8026,1
8027,0
8029,0
8031,0
8036,0
8037,1
8038,0
8039,0
8040,0
8043,0
8048,1
8049,1
8050,1
8051,1
8052,1
8053,0
8060,0
8061,1
8062,1
8063,1
8064,0
8065,1
8066,0
8073,1
8074,1
8075,1
8076,0
8077,0
8078,0
8086,1
8087,0
8088,0
8089,1
8090,1
8091,1
8098,1
8099,1
8100,1
8101,0
8102,1
8103,1
8110,1
8111,1
8112,1
8113,1
8114,1
8115,1
8122,1
8123,1
8124,1
8125,1
8126,1
8127,1
8134,1
8135,1
8136,1
8137,1
8138,1
8139,1
8147,1
8148,1
8149,1
8150,0
8151,1
8152,1
8153,1
8160,1
8161,1
8162,1
8163,1
8164,1
8165,1
8172,1
8173,1
8174,1
8175,1
8176,1
8177,0
8178,1
8179,0
8180,1
8181,1
8182,1
8183,1
8184,1
8185,1
8186,1
8187,1
8188,1
8189,0
8190,1
8191,1
8192,0
8193,1
8194,1
8195,0
8196,1
8197,1
8198,1
8199,1
8200,0
8201,1
8202,1
8203,0
8204,0
8205,0
8206,1
8207,1
8208,0
8209,1
8210,1
8211,1
8212,0
8213,1
8214,1
8215,0
8216,0
8217,1
8218,1
8219,1
8220,1
8221,1
8222,1
8223,1
8224,1
8225,1
8226,1
8227,1
8228,1
8234,1
8235,1
8236,1
8237,1
8238,0
8239,0
8240,0
8241,1
8242,1
8243,1
8244,0
8245,1
8246,1
8247,1
8248,1
8249,1
8250,1
8251,1
8252,1
8253,0
8254,1
8255,1
8256,1
8257,1
8258,1
8259,0
8260,0
8261,1
8262,1
8263,1
8264,1
8265,1
8266,1
8267,1
8268,1
8269,1
8270,1
8271,1
8272,1
8273,1
8274,1
8275,0
8276,0
8277,1
8278,0
8279,1
8280,1
8281,1
8282,0
8283,1
8284,1
8285,1
8286,1
8287,1
8288,1
8289,1
8290,1
8291,1
8292,1
8293,1
8294,1
8295,1
8296,0
8297,1
8298,1
8299,1
8300,1
8301,1
8302,1
8303,0
8304,1
8305,0
8306,0
8307,1
8308,1
8309,1
8310,1
8311,1
8312,1
8314,0
8315,1
8316,1
8317,0
8318,0
8319,1
8326,0
8327,1
8328,1
8329,0
8330,0
8331,1
8338,0
8339,0
8340,1
8341,0
8344,0
8348,0
8356,1
8357,0
8358,0
8360,1
8364,0
8367,0
8368,1
8375,1
8376,0
8377,1
8378,0
8379,1
8380,1
8387,1
8388,1
8389,0
8390,1
8391,1
8392,1
8399,1
8400,1
8401,1
8402,1
8403,0
8404,1
8412,0
8413,1
8414,1
8415,0
8416,1
8417,1
8424,1
8425,0
8426,1
8427,1
8428,0
8429,1
8436,1
8437,1
8438,1
8439,1
8440,0
8441,0
8442,0
8449,0
8450,0
8451,0
8452,0
8453,0
8454,0
8455,1
8456,1
8457,0
8458,1
8459,1
8460,1
8461,0
8462,1
8463,1
8464,1
8465,1
8466,1
8468,1
8469,1
8470,0
8471,0
8472,0
8473,0
8474,0
8479,1
8480,0
8481,0
8482,1
8483,1
8484,1
8485,1
8486,1
8487,1
8488,1
8489,1
8490,1
8491,1
8492,1
8493,1
8494,1
8495,0
8496,1
8497,1
8498,0
8499,1
8500,1
8501,1
8502,1
8503,1
8504,1
8505,1
8506,1
8507,1
8508,1
8511,0
8512,1
8513,1
8514,0
8515,1
8516,0
8523,0
8524,1
8525,1
8526,0
8527,1
8528,1
8536,1
8537,1
8538,1
8539,1
8540,0
8541,1
8542,0
8549,1
8550,1
8551,0
8552,1
8553,1
8554,1
8561,0
8562,1
8563,1
8564,1
8565,0
8566,0
8573,0
8574,1
8575,0
8576,1
8577,1
8578,1
8585,1
8586,1
8587,1
8588,1
8589,1
8590,0
8597,0
8598,1
8599,0
8600,1
8601,0
8602,1
8609,1
8610,1
8611,1
8612,1
8613,1
8614,1
8615,1
8622,0
8623,0
8624,1
8625,1
8626,1
8627,1
8635,0
8636,0
8637,0
8638,1
8639,0
8640,0
8647,0
8648,0
8649,1
8650,1
8651,0
8652,1
8659,0
8660,1
8661,1
8662,0
8663,1
8664,1
8665,0
8672,1
8673,1
8674,0
8675,0
8676,1
8677,1
8684,1
8685,0
8686,1
8687,1
8688,0
8689,1
8696,1
8697,1
8698,0
8699,0
8700,0
8701,1
8707,1
8708,0
8710,1
8711,0
8712,0
8713,1
8719,0
8720,1
8722,0
8723,1
8724,1
8725,1
8731,0
8732,1
8734,1
8735,0
8737,0
8738,1
8739,1
8744,1
8746,1
8748,1
8749,0
8750,0
8751,0
8757,0
8758,0
8760,0
8761,1
8762,1
8763,0
8770,1
8771,1
8772,1
8773,1
8774,1
8775,1
8776,1
8783,0
8784,0
8785,1
8786,1
8787,0
8788,1
8795,1
8796,0
8797,1
8798,1
8799,1
8800,1
8807,1
8808,1
8809,1
8810,1
8811,1
8812,1
8819,1
8820,1
8821,1
8822,0
8823,1
8824,0
8831,1
8832,1
8833,1
8834,1
8835,0
8836,1
8843,1
8844,1
8845,0
8846,1
8847,1
8848,1
8855,0
8856,0
8857,1
8858,0
8859,0
8860,1
8868,1
8869,1
8870,1
8871,1
8872,0
8873,1
8880,0
8881,0
8882,1
8883,1
8884,1
8885,1
8886,1
8894,1
8895,1
8896,1
8897,1
8898,1
8899,0
8906,1
8907,0
8908,1
8909,0
8910,0
8911,0
8918,0
8919,1
8920,1
8921,0
8922,0
8923,1
8930,0
8931,0
8932,0
8933,1
8934,0
8935,0
8942,0
8943,1
8944,1
8945,1
8946,1
8947,1
8954,1
8955,1
8956,1
8957,1
8958,1
8959,1
8966,1
8967,0
8968,0
8969,0
8970,1
8971,0
8972,0
8975,1
8977,1
8979,0
8981,1
8983,0
8984,0
8985,1
8986,0
8987,0
8988,0
8989,1
8990,0
8998,0
8999,1
9000,1
9001,1
9002,0
9003,0
9010,1
9011,0
9012,1
9013,1
9014,1
9015,1
9022,1
9023,1
9024,0
9025,1
9026,1
9027,1
9034,1
9035,0
9036,1
9037,1
9038,1
9039,1
9040,1
9047,1
9048,1
9049,1
9050,1
9051,1
9052,1
9059,1
9060,1
9061,1
9062,1
9063,1
9064,1
9071,1
9073,1
9074,1
9075,1
9076,1
9077,1
9084,1
9085,0
9086,1
9087,1
9088,1
9089,1
9096,1
9097,1
9098,1
9099,1
9100,1
9101,1
9102,1
9109,1
9110,1
9111,0
9112,1
9113,1
9114,1
9120,0
9122,1
9123,1
9124,1
9125,0
9126,1
9134,1
9135,0
9136,1
9137,0
9138,1
9139,1
9143,0
9145,1
9147,0
9149,1
9150,0
9151,1
9157,0
9159,0
9160,1
9161,1
9162,0
9163,1
9170,0
9171,0
9172,0
9173,1
9174,1
9175,0
9182,0
9183,0
9184,1
9185,1
9186,1
9187,0
9191,0
9192,0
9193,1
9194,1
9195,0
9196,0
9197,1
9198,1
9199,0
9200,1
9201,0
9202,1
9203,0
9204,0
9205,1
9206,1
9207,1
9208,1
9209,1
9210,1
9211,1
9212,1
9213,1
9214,0
9215,1
9216,1
9217,1
9218,1
9219,1
9220,1
9221,1
9222,1
9223,0
9224,1
9225,0
9226,1
9227,0
9231,1
9232,1
9233,0
9234,1
9235,1
9236,0
9239,1
9240,1
9241,1
9242,1
9243,1
9244,1
9245,0
9246,1
9247,1
9248,1
9249,1
9250,0
9251,0
9252,1
9253,0
9254,1
9255,0
9256,1
9257,0
9258,1
9259,0
9260,0
9261,1
9262,0
9263,0
9264,1
9265,1
9266,1
9267,1
9268,1
9269,0
9270,1
9271,0
9272,0
9273,0
9274,1
9275,1
9276,0
9277,1
9278,0
9279,1
9280,0
9281,0
9282,1
9283,1
9284,1
9285,0
9286,1
9287,1
9292,0
9293,1
9294,1
9295,0
9296,0
9297,0
9304,1
9305,0
9306,1
9307,0
9308,1
9309,1
9316,1
9317,1
9318,0
9319,1
9320,1
9321,1
9328,0
9329,1
9330,1
9331,0
9332,1
9333,1
9334,1
9339,1
9341,0
9343,1
9345,0
9346,1
9347,0
9354,0
9355,0
9356,1
9357,1
9358,0
9359,1
9365,1
9367,0
9368,1
9369,1
9370,0
9371,1
9379,0
9380,0
9381,1
9382,1
9383,1
9384,0
9391,0
9392,0
9393,0
9394,0
9395,1
9396,1
9400,1
9402,1
9404,1
9406,0
9407,1
9408,0
9409,1
9414,1
9416,1
9418,1
9419,1
9420,0
9421,1
9428,1
9429,1
9430,0
9431,1
9432,1
9433,1
9440,0
9441,0
9442,1
9443,0
9444,0
9445,0
9446,1
9454,0
9455,1
9456,0
9457,0
9458,0
9459,1
9466,1
9467,0
9468,0
9469,1
9470,1
9471,1
9478,0
9479,0
9485,0
9487,1
9488,1
9489,1
9495,1
9497,1
9498,1
9499,1
9500,0
9501,0
9508,1
9509,1
9510,1
9511,1
9512,1
9513,1
9520,1
9521,1
9522,1
9523,1
9524,1
9525,1
9526,0
9533,1
9534,1
9535,1
9536,1
9537,1
9538,1
9545,1
9546,1
9547,1
9548,1
9549,1
9550,1
9556,1
9559,1
9560,0
9561,0
9562,0
9563,1
9570,0
9571,0
9572,1
9573,1
9574,0
9575,1
9582,1
9583,1
9584,1
9585,0
9586,0
9587,1
9594,1
9595,0
9596,1
9597,1
9598,1
9599,1
9606,1
9607,0
9608,1
9609,1
9610,1
9611,0
9612,1
9619,1
9620,1
9621,1
9622,0
9623,1
9624,1
9632,1
9633,1
9634,1
9635,1
9636,0
9637,1
9644,1
9645,1
9646,1
9647,1
9648,1
9649,1
9651,0
9657,1
9658,1
9659,1
9660,1
9661,0
9662,1
9669,1
9670,1
9671,0
9672,1
9673,1
9674,1
9681,0
9682,1
9683,0
9684,1
9685,1
9686,1
9693,0
9694,1
9695,1
9696,1
9697,1
9698,1
9700,1
9706,1
9707,1
9708,1
9710,1
9711,1
9712,1
9713,1
9714,0
9715,0
9716,1
9717,1
9718,1
9725,1
9726,1
9727,1
9728,1
9729,0
9730,1
9737,1
9738,1
9739,1
9740,1
9741,1
9742,0
9749,0
9750,1
9751,1
9752,1
9753,1
9754,1
9761,1
9762,1
9763,1
9764,0
9765,0
9767,1
9773,1
9774,0
9777,1
9780,1
9782,1
9784,1
9791,1
9792,1
9793,1
9794,1
9795,1
9796,1
9803,1
9804,0
9805,0
9806,1
9807,1
9808,1
9809,1
9816,1
9817,1
9819,0
9821,1
9824,1
9827,1
9834,1
9835,1
9836,0
9837,1
9838,1
9839,1
9841,1
9842,1
9843,1
9844,1
9845,1
9846,1
9852,1
9853,1
9854,0
9855,1
9856,0
9857,1
9858,1
9859,1
9860,1
9861,1
9862,0
9863,1
9864,1
9865,0
9866,1
9867,1
9868,0
9869,1
9870,1
9871,0
9872,1
9873,0
9874,1
9875,1
9876,0
9877,0
9878,1
9879,0
9880,0
9881,1
9882,1
9883,0
9884,1
9885,0
9886,0
9887,0
9888,0
9889,0
9890,0
9891,0
9892,1
9893,0
9894,1
9895,1
9896,1
9897,1
9898,1
9899,0
9900,0
9902,0
9903,0
9904,0
9905,0
9906,0
9907,0
9908,0
9915,0
9916,0
9917,0
9918,0
9919,0
9920,0
9927,0
9928,0
9929,0
9930,0
9931,0
9932,0
9939,0
9940,0
9941,0
9942,0
9943,1
9944,1
9951,1
9952,1
9953,1
9954,0
9955,0
9956,1
9963,1
9964,1
9965,1
9966,0
9967,1
9968,1
9972,1
9974,1
9976,1
9978,1
9979,1
9980,0
9987,1
9988,0
9990,1
9991,1
9992,1
9993,0
10000,0
10001,0
10002,1
10003,0
10004,1
10005,0
10012,0
10013,0
10014,1
10015,1
10016,1
10017,1
10019,1
10020,1
10022,1
10024,0
10026,1
10028,1
10031,1
10032,1
10033,1
10034,1
10036,1
10038,1
10043,1
10044,1
10045,1
10046,1
10047,1
10048,1
10055,1
10056,1
10057,1
10058,0
10059,1
10060,0
10065,1
10066,1
10068,1
10069,0
10071,0
10072,0
10073,0
10078,0
10080,0
10082,0
10083,0
10084,0
10085,0
10091,0
10093,1
10095,0
10096,0
10097,1
10098,0
10102,0
10103,0
10105,0
10107,0
10109,0
10110,0
10115,0
10117,1
10119,0
10120,1
10121,0
10122,1
10129,0
10130,0
10131,1
10132,0
10133,0
10134,1
10141,1
10143,1
10144,1
10145,1
10146,1
10147,1
10152,1
10154,1
10155,1
10157,1
10158,0
10159,1
10165,0
10167,1
10168,0
10169,1
10170,0
10171,1
10178,1
10179,0
10180,1
10181,0
10182,1
10183,1
10190,0
10191,0
10192,0
10193,1
10194,1
10195,1
10202,1
10203,1
10204,1
10205,1
10206,0
10207,0
10215,0
10216,1
10217,0
10218,1
10219,1
10220,0
10227,0
10228,0
10229,0
10230,0
10231,0
10232,0
10234,0
10240,0
10241,0
10242,0
10243,0
10244,0
10245,0
10252,0
10253,1
10254,0
10255,1
10256,0
10257,0
10264,1
10265,0
10266,0
10267,0
10268,1
10269,0
10276,1
10277,0
10278,1
10279,1
10280,1
10282,1
10289,0
10290,0
10291,1
10292,1
10293,1
10295,0
10297,0
10302,1
10303,1
10304,0
10305,0
10307,1
10308,0
10314,1
10315,1
10316,0
10317,1
10318,0
10319,0
10326,0
10327,0
10328,0
10329,0
10330,0
10331,0
10338,0
10339,0
10340,0
10341,0
10342,0
10343,0
10345,0
10351,0
10352,0
10353,0
10354,0
10355,0
10357,0
10363,0
10364,0
10365,0
10367,0
10369,0
10371,1
10375,0
10376,0
10378,1
10379,0
10381,0
10386,0
10393,0
10394,0
10395,1
10396,0
10397,0
10398,0
10405,0
10406,1
10407,1
10408,0
10409,0
10410,0
10413,0
10418,1
10419,0
10420,1
10422,0
10425,1
10428,1
10431,0
10432,1
10433,0
10434,0
10435,0
10436,1
10442,0
10443,1
10444,0
10445,1
10446,0
10447,0
10449,1
10450,1
10451,1
10452,1
10453,0
10454,0
10461,0
10462,0
10463,0
10464,1
10465,0
10466,0
10473,1
10474,1
10475,0
10476,0
10477,0
10480,0
10485,1
10486,0
10487,0
10489,1
10492,0
10496,0
10503,1
10504,0
10505,1
10506,0
10507,1
10508,0
10516,0
10517,0
10518,0
10519,0
10520,1
10521,0
10526,0
10527,0
10528,1
10530,0
10532,0
10533,0
10539,0
10541,1
10542,1
10543,0
10544,1
10545,1
10552,1
10553,1
10554,1
10555,0
10556,0
10557,1
10564,0
10565,0
10566,0
10567,0
10568,0
10569,1
10570,0
10577,0
10578,0
10579,0
10580,0
10581,0
10582,0
10583,0
10590,0
10591,1
10592,0
10593,0
10594,0
10595,1
10602,1
10603,1
10604,0
10605,0
10606,0
10610,1
10614,0
10615,0
10616,1
10618,0
10621,1
10624,1
10627,1
10628,1
10629,0
10631,1
10634,1
10637,0
10645,1
10646,0
10647,1
10648,1
10649,0
10650,1
10658,1
10659,1
10660,0
10661,1
10662,0
10663,1
10670,1
10671,0
10672,1
10673,0
10674,0
10677,1
10682,0
10683,1
10684,0
10686,1
10689,1
10692,0
10700,1
10701,1
10702,0
10703,1
10704,0
10705,1
10712,1
10713,1
10714,1
10715,1
10716,0
10717,0
10724,0
10725,0
10726,0
10727,0
10728,0
10729,0
10736,0
10737,0
10744,0
10745,0
10746,0
10747,1
10754,1
10755,1
10756,1
10757,1
10758,1
10759,1
10766,0
10767,0
10768,1
10769,1
10770,1
10771,1
10772,1
10779,1
10780,1
10781,1
10782,1
10783,1
10784,0
10791,1
10792,0
10793,1
10794,0
10795,0
10796,0
10803,0
10804,0
10805,1
10806,0
10807,1
10810,1
10816,1
10818,1
10821,1
10823,1
10825,1
10827,1
10832,1
10835,1
10836,1
10837,1
10838,1
10839,0
10846,1
10847,1
10848,1
10849,0
10850,1
10851,1
10858,1
10859,1
10860,1
10861,0
10862,1
10863,0
10870,1
10871,1
10872,1
10873,0
10874,1
10875,1
10876,1
10883,1
10884,1
10885,1
10886,0
10887,1
10888,1
10895,0
10896,0
10897,1
10898,1
10899,0
10901,1
10908,1
10909,0
10912,0
10915,1
10917,0
10919,1
10920,1
10927,1
10928,0
10929,1
10930,1
10931,1
10932,1
10939,0
10940,1
10941,1
10942,1
10943,1
10944,0
10951,1
10952,1
10953,1
10956,1
10959,1
10962,1
10969,1
10970,1
10971,1
10972,1
10973,1
10975,1
10981,0
10982,0
10983,1
10984,1
10985,1
10986,0
10993,1
10994,1
10995,1
10996,1
10997,1
10998,1
11005,1
11006,1
11007,1
11008,1
11009,1
11010,1
11017,1
11018,1
11019,1
11020,0
11021,0
11022,1
11027,1
11028,0
11029,0
11030,1
11031,1
11032,1
11033,1
11034,0
11035,1
11036,0
11037,1
11038,0
11039,1
11040,1
11041,1
11042,0
11043,1
11044,1
11045,1
11046,0
11047,1
11048,1
11049,1
11050,0
11051,1
11055,1
11056,1
11057,0
11058,0
11059,1
11060,1
11061,0
11068,1
11069,0
11070,0
11071,0
11072,1
11073,0
11077,1
11078,0
11080,0
11082,1
11083,1
11085,0
11087,1
11088,1
11089,1
11090,1
11091,1
11092,1
11099,1
11100,1
11101,1
11102,1
11103,1
11104,0
11111,0
11112,1
11113,1
11114,0
11115,1
11116,0
11120,1
11122,0
11124,0
11125,0
11127,0
11128,1
11130,0
11131,1
11132,0
11133,0
11134,1
11135,1
11142,1
11143,1
11144,1
11145,1
11146,0
11147,1
11153,0
11155,0
11156,1
11157,1
11158,1
11159,1
11163,1
11165,0
11166,0
11169,1
11170,1
11171,0
11172,1
11176,0
11178,0
11180,1
11182,1
11183,1
11184,1
11188,1
11189,1
11190,1
11191,1
11192,1
11194,0
11197,0
11198,0
11199,1
11200,0
11201,1
11202,0
11210,1
11211,0
11212,0
11213,1
11214,1
11215,1
11220,0
11222,1
11224,0
11225,0
11226,0
11227,1
11231,1
11233,1
11236,0
11237,0
11238,0
11239,1
11243,1
11245,1
11247,0
11249,1
11250,0
11251,0
11255,0
11257,1
11258,1
11261,0
11262,1
11263,1
11267,0
11269,1
11270,1
11273,1
11274,1
11275,1
11276,1
11280,1
11281,0
11284,0
11285,0
11287,1
11288,1
11292,0
11297,1
11298,0
11299,0
11300,0
11301,1
11308,0
11309,0
11310,1
11311,0
11312,1
11313,1
11317,0
11318,1
11320,1
11321,0
11323,1
11324,1
11326,0
11327,1
11328,1
11329,0
11330,1
11331,1
11334,1
11335,1
11336,0
11337,1
11338,0
11339,1
11340,1
11341,1
11342,1
11343,0
11344,1
11345,1
11350,1
11352,1
11353,1
11354,0
11355,1
11356,1
11357,1
11359,1
11360,0
11361,1
11362,1
11363,1
11364,1
11365,1
11366,1
11367,0
11368,1
11369,0
11370,1
11371,1
11372,1
11373,1
11374,0
11375,0
11376,1
11377,0
11378,1
11379,1
11380,1
11381,0
11382,1
11383,1
11384,1
11385,1
11386,0
11387,1
11388,1
11389,0
11390,1
11391,1
11392,0
11393,1
11394,0
11395,0
11397,0
11400,1
11401,1
11403,0
11405,0
11406,0
11411,1
11414,0
11415,0
11416,0
11417,0
11418,1
11425,0
11426,0
11427,0
11428,0
11429,0
11430,1
11431,0
11438,0
11439,1
11440,0
11441,1
11442,0
11443,1
11450,0
11451,1
11452,1
11453,0
11454,0
11455,0
11462,1
11464,0
11465,0
11466,0
11467,0
11468,1
11471,0
11475,0
11477,0
11478,0
11479,0
11480,0
11481,0
11487,0
11489,0
11490,1
11491,0
11492,0
11493,0
11500,0
11501,0
11502,0
11503,0
11504,0
11505,0
11512,0
11513,0
11514,0
11515,0
11516,0
11517,1
11518,0
11526,0
11527,1
11528,1
11529,0
11530,0
11531,1
11537,0
11539,1
11540,1
11541,0
11542,0
11543,0
11550,1
11551,0
11552,0
11553,0
11554,0
11555,1
11562,0
11563,0
11564,0
11565,0
11566,0
11567,0
11568,0
11575,0
11576,0
11577,1
11578,1
11579,0
11580,0
11581,0
11588,0
11589,0
11590,1
11591,1
11592,0
11593,0
11594,0
11601,0
11602,0
11603,1
11604,0
11605,0
11606,1
11614,1
11615,1
11616,1
11617,1
11618,0
11619,0
11626,1
11627,1
11628,0
11629,1
11630,1
11631,1
11638,1
11639,1
11640,1
11641,1
11642,1
11643,1
11650,1
11651,0
11652,1
11653,1
11654,1
11655,0
11662,0
11663,1
11664,1
11665,1
11666,1
11667,1
11675,1
11676,1
11677,1
11678,1
11679,1
11680,1
11687,1
11688,0
11689,1
11690,1
11691,1
11692,0
11699,1
11700,1
11701,0
11702,1
11703,1
11704,1
11705,1
11712,1
11713,1
11714,1
11715,1
11716,1
11717,1
11724,1
11725,0
11726,0
11727,1
11728,1
11729,1
11736,1
11737,0
11738,1
11739,1
11740,0
11741,1
11748,1
11749,0
11750,0
11751,0
11752,0
11753,0
11760,0
11761,0
11768,0
11769,0
11770,1
11771,1
11778,1
11779,0
11780,1
11781,0
11782,0
11783,0
11790,0
11791,0
11792,0
11793,0
11794,1
11796,1
11802,1
11803,1
11804,0
11805,0
11806,1
11808,1
11814,0
11815,0
11816,0
11817,1
11818,1
11820,1
11823,0
11827,1
11828,0
11831,1
11833,1
11835,0
11838,1
11844,1
11845,0
11846,0
11847,1
11848,0
11849,0
11852,1
11853,1
11854,0
11855,1
11856,0
11857,0
11864,1
11865,0
11866,1
11867,1
11868,0
11869,0
11876,0
11877,0
11878,0
11879,1
11880,1
11881,1
11882,0
11889,1
11890,1
11891,0
11892,1
11893,1
11894,1
11901,0
11903,1
11906,1
11908,0
11910,1
11912,0
11919,1
11920,1
11921,0
11922,1
11923,1
11924,0
11932,1
11936,1
11938,0
11941,1
11942,1
11943,1
11950,1
11951,0
11952,1
11953,1
11954,1
11955,1
11956,0
11963,1
11964,1
11969,1
11971,1
11973,1
11974,0
11981,1
11982,1
11983,0
11984,0
11985,1
11986,0
11987,0
11994,0
11995,0
11999,0
12001,1
12008,0
12011,1
12019,1
12020,1
12021,1
12022,1
12023,1
12024,1
12031,1
12032,1
12034,1
12037,1
12041,1
12042,1
12043,1
12050,1
12051,0
12052,1
12053,0
12055,1
12058,0
12062,1
12063,1
12065,1
12068,0
12072,0
12073,1
12074,1
12081,0
12082,1
12083,1
12084,0
12086,1
12089,1
12091,1
12101,0
12102,0
12103,0
12104,1
12105,0
12106,1
12113,1
12114,1
12115,1
12116,0
12118,0
12122,0
12123,0
12132,0
12133,0
12134,0
12135,0
12136,0
12137,0
12144,0
12145,0
12146,0
12147,0
12148,0
12149,1
12156,0
12157,0
12158,0
12159,1
12160,1
12161,0
12162,0
12165,0
12166,0
12168,1
12169,0
12171,0
12172,0
12175,1
12176,0
12177,0
12178,1
12179,0
12180,0
12186,0
12187,0
12189,1
12190,1
12191,0
12192,1
12195,1
12197,1
12198,1
12199,1
12201,1
12202,1
12206,0
12207,0
12208,0
12209,1
12210,0
12211,1
12212,0
12218,1
12219,0
12220,1
12222,0
12223,0
12224,0
12227,0
12228,0
12230,1
12231,0
12233,0
12234,1
12235,1
12236,1
12237,1
12238,1
12239,1
12240,0
12241,1
12242,0
12243,1
12244,0
12245,1
12246,1
12247,1
12248,0
12249,0
12250,0
12251,1
12252,0
12253,1
12254,0
12255,1
12256,0
12257,0
12258,0
12259,0
12260,1
12261,0
12262,1
12263,1
12264,1
12265,1
12266,1
12267,1
12268,1
12269,0
12270,1
12271,1
12272,1
12273,1
12274,0
12275,0
12276,0
12277,0
12278,0
12279,0
12280,0
12281,0
12282,0
12283,0
12284,0
12285,0
12286,0
12287,0
12288,1
12289,1
12290,0
12293,0
12294,1
12295,0
12296,0
12297,1
12298,0
12302,0
12303,0
12304,1
12305,1
12306,0
12307,1
12308,0
12309,0
12310,1
12311,1
12312,0
12313,0
12314,0
12315,1
12316,1
12317,0
12318,1
12319,0
12320,0
12321,0
12322,1
12323,1
12324,1
12325,1
12326,1
12327,1
12328,0
12329,1
12330,1
12331,1
12332,1
12333,1
12334,1
12335,1
12336,1
12337,1
12338,1
12339,1
12340,1
12341,1
12342,1
12343,1
12344,1
12345,0
12346,1
12347,0
12348,1
12349,0
12350,1
12351,0
12352,0
12353,0
12354,0
12355,0
12356,0
12357,0
12358,0
12359,0
12360,0
12361,0
12362,0
12363,0
12364,0
12365,0
12366,0
12367,0
12368,0
12369,0
12370,0
12371,0
12372,0
12373,0
12374,0
12375,0
12379,0
12380,0
12381,0
12382,0
12383,0
12384,0
12391,0
12392,0
12393,0
12394,0
12395,0
12396,1
12402,1
12403,1
12405,1
12406,1
12408,1
12409,1
12410,1
12411,0
12412,1
12413,1
12414,1
12415,1
12422,1
12423,1
12424,1
12425,1
12426,1
12427,0
12428,1
12435,1
12436,1
12437,1
12438,1
12439,1
12440,1
12443,1
12444,1
12446,1
12447,1
12449,0
12450,1
12454,1
12455,1
12456,1
12457,1
12458,1
12459,0
12466,1
12467,1
12468,0
12469,1
12470,1
12471,1
12473,1
12479,0
12480,0
12484,1
12486,1
12489,1
12490,0
12497,0
12498,1
12499,1
12500,1
12504,0
12507,1
12515,1
12516,1
12517,1
12518,1
12519,1
12523,1
12527,1
12528,1
12529,0
12530,1
12531,0
12532,1
12539,0
12540,1
12541,1
12542,0
12544,0
12547,0
12557,0
12558,0
12559,1
12567,0
12568,0
12575,0
12577,1
12583,1
12584,1
12589,1
12593,0
12594,0
12595,0
12602,1
12603,0
12604,1
12606,1
12610,1
12613,0
12620,0
12621,1
12622,0
12623,1
12624,0
12625,1
12632,0
12633,0
12634,1
12635,1
12636,1
12637,1
12644,1
12645,1
12646,1
12647,1
12648,1
12649,0
12656,1
12657,1
12658,1
12659,1
12660,1
12661,0
12666,1
12668,1
12669,0
12670,0
12673,1
12674,1
12675,1
12680,1
12681,0
12683,1
12685,0
12686,1
12687,1
12694,1
12695,1
12696,1
12697,1
12698,0
12699,1
12706,0
12707,0
12708,0
12709,0
12710,0
12711,1
12719,1
12720,1
12721,1
12722,1
12723,0
12724,1
12731,1
12732,1
12733,0
12734,0
12735,1
12736,0
12741,0
12742,1
12744,0
12746,1
12747,0
12748,0
12749,1
12756,0
12757,1
12758,0
12759,1
12760,1
12761,1
12768,1
12769,1
12770,1
12771,1
12772,0
12773,1
12778,1
12780,1
12781,1
12782,0
12784,0
12785,0
12792,0
12793,0
12794,1
12795,1
12796,0
12797,1
12802,1
12804,0
12805,0
12806,1
12808,1
12809,0
12816,0
12817,1
12818,1
12819,0
12820,1
12821,0
12826,1
12828,1
12830,0
12831,1
12833,0
12834,0
12841,1
12842,0
12843,1
12844,0
12845,1
12846,0
12850,1
12851,0
12852,0
12853,1
12854,1
12855,1
12856,0
12857,0
12858,0
12859,1
12860,1
12861,1
12862,0
12863,1
12864,1
12865,0
12866,0
12867,1
12868,1
12869,1
12870,1
12871,1
12872,1
12873,1
12874,0
12875,0
12876,1
12877,0
12878,0
12879,0
12880,1
12881,0
12882,0
12883,1
12884,1
12885,1
12886,1
12887,0
12888,1
12889,1
12890,1
12891,1
12892,1
12893,1
12894,0
12895,1
12896,0
12897,1
12898,0
12899,0
12900,1
12901,1
12902,0
12903,1
12904,1
12905,0
12906,1
12907,1
12908,1
12909,1
12910,1
12911,1
12912,1
12913,1
12914,1
12915,1
12916,1
12917,0
12918,0
12922,1
12923,1
12924,1
12925,1
12926,1
12927,0
12930,0
12931,1
12932,0
12933,1
12934,1
12935,0
12936,1
12937,1
12938,1
12939,1
12940,1
12941,0
12946,1
12948,1
12949,1
12950,0
12951,1
12952,1
12959,0
12960,0
12961,0
12962,1
12963,0
12964,0
12965,1
12972,0
12973,1
12974,0
12975,1
12976,1
12977,0
12981,0
12983,1
12986,0
12987,0
12988,0
12989,0
12990,1
12997,1
12998,1
12999,1
13000,1
13001,1
13002,0
13009,1
13010,1
13011,1
13012,1
13013,0
13014,1
13021,0
13022,1
13023,1
13024,1
13025,1
13026,1
13034,1
13035,1
13036,1
13037,1
13038,1
13039,1
13042,1
13047,1
13048,1
13049,0
13051,1
13053,1
13057,1
13064,0
13066,1
13067,0
13068,1
13069,0
13070,0
13078,1
13079,1
13080,1
13081,1
13082,0
13083,0
13090,1
13091,1
13092,1
13093,0
13094,1
13095,1
13102,1
13103,1
13104,1
13105,0
13106,0
13107,1
13110,0
13115,1
13116,1
13117,0
13118,1
13121,1
13123,0
13127,0
13128,1
13129,1
13130,1
13133,1
13135,0
13139,1
13140,1
13142,1
13144,1
13146,1
13147,1
13151,1
13152,1
13154,0
13156,0
13158,1
13159,1
13163,1
13164,1
13166,1
13168,0
13170,0
13172,1
13175,0
13180,1
13182,1
13184,1
13185,1
13186,1
13187,1
13194,1
13195,1
13196,0
13197,1
13198,0
13199,1
13206,1
13207,1
13208,1
13209,1
13210,1
13211,0
13212,1
13224,1
13226,1
13227,0
13228,0
13229,1
13230,0
13238,1
13239,1
13240,1
13241,1
13242,1
13243,1
13250,1
13251,1
13252,1
13253,1
13254,1
13255,0
13262,0
13263,1
13264,1
13265,1
13266,1
13267,0
13274,1
13275,1
13276,1
13277,1
13278,1
13279,1
13286,1
13287,1
13288,1
13289,1
13290,1
13291,1
13294,0
13300,1
13301,1
13302,0
13303,1
13304,1
13306,1
13312,1
13313,0
13314,1
13315,1
13316,0
13317,1
13324,1
13325,0
13326,1
13327,1
13328,1
13329,1
13336,1
13337,1
13338,1
13339,1
13340,1
13341,1
13342,1
13350,1
13351,1
13352,1
13353,1
13354,1
13355,1
13362,1
13363,1
13364,0
13365,1
13366,1
13367,1
13374,1
13375,1
13376,1
13377,1
13378,1
13379,1
13386,1
13387,1
13388,1
13389,0
13390,1
13391,1
13399,1
13400,1
13401,1
13402,1
13403,1
13404,0
13405,1
13412,1
13413,1
13414,1
13415,0
13416,1
13417,1
13424,0
13425,1
13426,1
13427,0
13428,1
13429,0
13435,1
13436,1
13437,0
13438,0
13439,0
13440,0
13441,0
13442,1
13443,1
13444,1
13445,1
13446,0
13447,1
13448,0
13449,0
13450,1
13451,0
13452,0
13453,0
13454,1
13455,1
13456,1
13457,1
13458,1
13459,1
13460,0
13461,1
13462,0
13463,1
13464,0
13465,0
13466,1
13467,1
13468,0
13469,0
13470,0
13471,0
13472,0
13473,0
13474,1
13475,1
13476,0
13477,1
13478,0
13479,0
13480,1
13481,1
13482,0
13483,0
13484,1
13485,1
13486,1
13487,1
13488,1
13489,0
13490,1
13491,1
13492,0
13493,1
13494,1
13495,1
13497,1
13498,0
13499,1
13500,1
13501,1
13502,1
13507,1
13508,1
13509,0
13510,1
13511,1
13512,1
13513,1
13514,1
13515,0
13516,1
13517,0
13518,1
13519,0
13520,1
13521,1
13522,0
13523,1
13524,0
13525,1
13526,1
13527,1
13528,0
13529,0
13530,1
13531,0
13532,1
13533,0
13534,1
13535,1
13536,1
13537,1
13538,1
13539,1
13540,1
13541,1
13542,1
13543,0
13544,1
13545,1
13546,1
13547,1
13548,1
13549,1
13550,1
13551,1
13552,1
13553,0
13554,1
13555,1
13556,1
13557,1
13558,1
13559,1
13560,1
13561,0
13562,1
13563,1
13564,1
13565,1
13566,1
13567,0
13568,1
13571,1
13572,1
13573,0
13574,1
13575,0
13576,0
13577,0
13585,0
13586,0
13587,0
13588,0
13589,0
13596,0
13603,0
13604,0
13605,0
13606,0
13607,0
13608,0
13615,0
13616,0
13617,0
13618,0
13619,0
13620,0
13621,1
13629,0
13630,0
13631,1
13632,1
13633,1
13634,1
13639,1
13641,0
13642,1
13644,1
13645,0
13646,1
13651,0
13653,1
13655,1
13656,1
13657,1
13658,1
13661,1
13663,1
13664,1
13666,0
13667,1
13668,1
13669,1
13672,0
13673,1
13674,0
13675,1
13676,1
13677,1
13684,1
13685,0
13686,1
13687,1
13688,1
13689,1
13696,1
13697,1
13698,1
13699,1
13700,0
13701,0
13708,1
13709,1
13710,1
13711,1
13712,1
13713,0
13720,0
13721,1
13722,1
13723,1
13724,1
13725,1
13726,1
13733,0
13734,1
13735,1
13736,1
13737,1
13738,1
13744,1
13745,1
13746,1
13747,1
13749,1
13750,1
13756,1
13757,1
13758,1
13759,0
13760,0
13762,1
13767,1
13768,0
13770,1
13771,1
13772,1
13774,1
13775,1
13776,0
13777,1
13778,1
13779,1
13781,1
13788,1
13789,1
13790,1
13791,1
13792,1
13793,1
13799,1
13800,1
13801,1
13802,1
13803,1
13805,0
13806,0
13811,1
13813,1
13814,1
13816,1
13817,1
13819,0
13820,1
13821,1
13822,1
13823,1
13825,0
13828,1
13832,0
13833,1
13834,0
13835,0
13836,0
13837,0
13844,0
13845,0
13846,1
13847,0
13848,1
13849,0
13850,1
13855,0
13857,0
13858,0
13859,0
13861,0
13862,0
13867,0
13869,0
13870,0
13871,0
13872,0
13874,0
13875,0
13876,0
13877,0
13878,0
13880,1
13883,0
13887,1
13888,0
13889,0
13890,0
13891,1
13892,1
13899,0
13900,1
13901,0
13902,0
13903,0
13904,0
13911,0
13912,0
13913,1
13914,1
13915,1
13916,0
13923,0
13924,1
13925,1
13926,0
13927,1
13928,0
13936,1
13937,0
13938,0
13939,1
13940,0
13941,0
13942,0
13949,0
13950,1
13951,1
13952,1
13953,0
13954,1
13959,1
13961,0
13962,0
13963,0
13964,1
13966,0
13967,1
13968,0
13969,1
13970,1
13971,1
13972,0
13979,0
13980,1
13981,0
13982,0
13983,0
13984,0
13991,0
13992,0
13993,0
13994,0
13995,0
13996,0
14001,1
14002,0
14004,0
14005,0
14007,0
14008,1
14009,1
14013,0
14014,1
14016,0
14017,1
14019,1
14020,1
14023,1
14024,0
14025,0
14026,1
14028,0
14030,0
14035,1
14036,0
14037,0
14038,1
14039,1
14040,1
14041,1
14048,1
14049,1
14050,0
14051,0
14052,1
14053,1
14059,0
14060,1
14061,1
14062,1
14064,0
14065,1
14066,0
14072,1
14074,1
14075,1
14076,1
14077,1
14078,0
14079,0
14086,0
14087,0
14088,0
14089,0
14090,0
14091,1
14097,0
14099,1
14100,0
14101,1
14102,1
14103,1
14110,1
14111,0
14112,0
14113,1
14114,0
14115,0
14116,0
14120,1
14121,1
14123,1
14124,1
14126,1
14127,1
14129,0
14130,1
14131,0
14132,0
14133,1
14135,1
14136,1
14142,1
14143,1
14144,1
14145,1
14146,0
14147,1
14154,1
14155,1
14156,1
14157,1
14158,1
14159,1
14160,1
14167,1
14168,0
14169,1
14170,1
14171,0
14172,1
14173,0
14180,1
14181,1
14182,1
14183,0
14184,1
14185,0
14193,1
14194,1
14195,1
14196,1
14197,1
14198,1
14199,1
14206,1
14207,1
14208,0
14209,1
14210,0
14211,1
14212,1
14218,1
14220,1
14221,1
14222,1
14223,1
14224,1
14225,1
14228,1
14231,1
14233,1
14235,1
14236,0
14237,1
14240,0
14244,1
14246,1
14247,1
14248,1
14249,1
14250,1
14257,1
14258,1
14259,1
14260,1
14261,1
14262,1
14266,0
14269,1
14271,1
14272,1
14273,0
14274,0
14275,1
14276,1
14277,1
14278,1
14279,1
14280,0
14281,0
14282,0
14283,0
14284,1
14285,1
14286,1
14287,1
14288,1
14289,1
14290,1
14291,1
14292,1
14293,0
14294,0
14295,1
14296,0
14297,1
14298,1
14299,1
14300,1
14301,1
14302,1
14303,1
14304,1
14305,1
14306,1
14307,0
14308,0
14309,1
14310,1
14311,1
14312,1
14313,0
14314,1
14315,1
14316,1
14317,1
14318,1
14319,1
14320,1
14321,1
14322,1
14323,0
14324,1
14325,1
14326,0
14327,0
14328,1
14329,1
14330,1
14331,1
14332,0
14333,1
14334,1
14335,1
14336,1
14337,1
14338,1
14339,1
14340,1
14341,1
14342,1
14343,1
14344,1
14345,1
14346,1
14347,1
14348,1
14349,1
14350,0
14351,0
14352,0
14353,1
14354,1
14355,0
14356,1
14357,1
14358,1
14359,1
14360,1
14361,0
14362,1
14363,1
14364,0
14365,1
14366,1
14367,1
14368,1
14369,0
14375,1
14376,0
14377,0
14378,1
14379,1
14380,0
14381,0
14382,0
14383,1
14384,1
14385,1
14386,1
14387,1
14388,1
14389,1
14390,1
14391,1
14392,0
14393,1
14394,1
14395,1
14396,1
14397,1
14398,1
14399,1
14400,0
14401,0
14402,0
14403,1
14404,1
14405,1
14406,1
14407,1
14408,1
14409,1
14410,1
14411,1
14412,1
14413,1
14414,0
14415,1
14416,1
14417,1
14418,1
14419,1
14420,1
14421,1
14422,0
14423,1
14424,1
14425,1
14426,1
14427,0
14428,1
14429,0
14430,1
14431,1
14432,1
14433,1
14434,1
14435,1
14436,1
14437,0
14438,1
14439,0
14440,1
14441,1
14442,0
14443,1
14444,0
14445,1
14446,0
14447,1
14448,0
14449,0
14450,0
14451,1
14452,1
14453,0
14454,0
14457,1
14458,1
14459,1
14460,1
14461,1
14462,1
14470,0
14471,0
14472,1
14473,0
14474,1
14475,1
14476,0
14483,1
14484,0
14485,0
14486,1
14487,0
14488,0
14495,0
14496,0
14497,0
14498,0
14499,0
14500,0
14505,1
14506,0
14508,0
14509,0
14511,0
14512,0
14516,0
14518,1
14519,1
14520,0
14521,1
14523,1
14525,1
14526,1
14527,1
14528,1
14530,1
14533,1
14537,0
14538,0
14539,1
14540,1
14541,0
14542,0
14549,1
14550,1
14551,0
14552,0
14553,1
14554,1
14561,1
14562,1
14563,1
14564,1
14565,0
14566,1
14567,1
14574,0
14575,1
14576,0
14577,0
14578,1
14579,1
14585,0
14586,0
14587,0
14588,0
14589,1
14591,0
14592,0
14593,0
14594,0
14596,0
14598,1
14600,1
14605,1
14606,1
14607,1
14608,1
14609,0
14610,1
14617,1
14618,0
14619,0
14620,1
14621,1
14622,1
14625,1
14627,0
14628,1
14630,1
14631,1
14632,1
14635,1
14636,1
14637,0
14638,1
14639,0
14640,1
14647,1
14648,1
14649,0
14650,1
14651,0
14652,1
14659,1
14660,1
14661,1
14662,1
14663,1
14664,0
14668,0
14671,1
14672,1
14674,1
14675,1
14676,1
14678,1
14679,1
14680,1
14681,0
14682,1
14683,1
14690,1
14691,1
14692,1
14693,1
14694,1
14695,1
14699,1
14702,1
14703,0
14704,1
14705,0
14706,1
14708,1
14709,1
14710,0
14711,1
14712,1
14713,1
14720,1
14721,1
14722,0
14723,1
14724,1
14725,1
14726,1
14733,0
14734,1
14735,1
14736,1
14737,1
14738,1
14741,1
14743,1
14745,0
14746,0
14749,0
14750,0
14751,0
14754,0
14755,0
14757,0
14759,0
14760,0
14762,0
14764,0
14765,0
14766,0
14767,0
14768,1
14770,1
14771,0
14778,1
14779,1
14780,1
14781,1
14782,1
14783,1
14790,1
14791,0
14792,0
14793,0
14794,1
14795,1
14799,1
14801,1
14802,1
14804,1
14806,1
14807,1
14808,1
14811,1
14812,0
14814,1
14816,1
14817,1
14819,1
14820,1
14822,1
14823,1
14824,1
14825,1
14826,1
14827,1
14834,1
14836,0
14837,1
14838,1
14839,1
14840,1
14844,1
14846,1
14847,1
14849,1
14850,1
14851,0
14852,1
14854,1
14855,0
14856,1
14857,1
14858,1
14859,1
14866,1
14867,1
14868,1
14869,1
14870,1
14871,1
14878,1
14879,1
14880,1
14881,1
14882,1
14883,1
14884,1
14889,0
14890,1
14892,0
14894,1
14895,1
14896,1
14901,0
14903,1
14904,1
14906,1
14907,1
14908,0
14909,1
14914,1
14916,1
14918,1
14919,1
14920,1
14921,1
14922,0
14927,0
14929,1
14930,1
14932,1
14933,1
14934,1
14940,1
14941,1
14943,0
14944,0
14945,0
14946,1
14951,1
14953,0
14955,0
14956,1
14957,1
14958,1
14959,1
14964,1
14966,1
14968,1
14969,1
14970,1
14971,1
14975,1
14976,1
14978,1
14980,0
14982,0
14983,1
14988,1
14990,1
14992,1
14993,0
14994,1
14995,1
14996,1
15001,1
15003,1
15005,1
15006,1
15007,1
15008,1
15013,0
15015,1
15017,1
15018,1
15020,1
15021,1
15027,0
15028,1
15030,1
15031,1
15032,1
15033,1
15038,1
15040,1
15042,1
15043,1
15044,1
15045,1
15052,1
15053,1
15054,1
15055,1
15056,0
15057,1
15058,1
15063,1
15065,1
15067,1
15068,1
15069,1
15070,1
15077,0
15078,1
15079,1
15080,0
15081,1
15082,1
15084,0
15085,0
15086,1
15087,1
15088,1
15089,1
15090,0
15091,1
15092,1
15093,1
15094,0
15095,0
15096,0
15097,1
15098,0
15099,0
15100,0
15101,1
15102,1
15103,0
15104,0
15105,1
15106,0
15107,1
15108,0
15113,0
15115,1
15116,0
15117,1
15118,1
15119,0
15120,0
15121,1
15122,0
15123,1
15124,1
15125,1
15126,1
15127,1
15128,1
15129,1
15130,1
15131,1
15136,1
15138,0
15139,1
15141,1
15142,1
15143,0
15148,0
15150,1
15152,1
15153,1
15154,1
15155,1
15161,1
15163,1
15164,1
15165,0
15166,1
15167,1
15173,0
15175,0
15176,0
15177,0
15178,1
15179,1
15185,1
15187,0
15188,1
15189,1
15190,1
15191,1
15197,0
15198,0
15200,1
15201,1
15202,0
15203,1
15204,1
15210,0
15212,1
15213,0
15214,0
15215,0
15216,0
15222,0
15224,0
15225,0
15226,0
15227,0
15228,1
15236,0
15237,1
15238,1
15239,1
15240,1
15241,1
15248,1
15249,0
15250,1
15251,1
15252,1
15253,0
15260,0
15261,0
15262,1
15263,1
15264,1
15265,1
15272,1
15273,0
15274,1
15275,0
15276,1
15277,1
15284,1
15285,1
15286,0
15287,1
15288,0
15289,0
15296,0
15297,0
15298,0
15299,1
15300,1
15301,1
15302,0
15309,1
15310,0
15311,1
15312,1
15313,1
15314,1
15322,0
15323,1
15324,1
15325,1
15326,0
15327,1
15334,1
15335,1
15336,1
15337,0
15338,1
15339,1
15346,1
15347,1
15348,1
15349,0
15350,1
15351,0
15358,0
15359,0
15360,0
15361,1
15362,1
15363,1
15364,1
15371,1
15372,1
15373,1
15374,1
15375,0
15376,0
15383,1
15384,0
15385,1
15386,1
15387,0
15388,0
15395,0
15396,0
15397,1
15398,1
15399,0
15400,0
15407,0
15408,1
15409,0
15410,1
15411,1
15412,0
15419,1
15420,1
15421,1
15422,1
15423,1
15424,1
15431,0
15432,1
15433,1
15434,1
15435,1
15436,1
15443,1
15444,1
15445,1
15446,1
15447,0
15448,1
15456,1
15457,1
15458,0
15459,1
15460,1
15461,1
15468,1
15469,1
15470,0
15471,1
15472,1
15473,0
15474,1
15481,1
15482,1
15483,1
15484,0
15485,1
15486,1
15493,0
15494,1
15495,1
15496,0
15497,1
15498,1
15505,0
15506,1
15507,1
15508,1
15509,1
15510,1
15511,1
15512,1
15513,1
15514,1
15515,1
15516,1
15517,1
15518,1
15519,1
15520,1
15521,1
15522,1
15523,1
15524,1
15525,0
15526,1
15527,0
15528,1
15529,1
15530,1
15531,0
15532,1
15533,1
15534,0
15535,1
15536,0
15537,0
15538,1
15539,1
15540,0
15541,1
15542,1
15543,0
15544,0
15545,1
15546,0
15547,1
15548,0
15549,1
15550,1
15551,1
15552,1
15553,1
15554,1
15555,1
15556,0
15557,1
15558,0
15559,1
15560,1
15561,1
15562,0
15563,1
15564,1
15565,0
15566,1
15567,1
15568,1
15569,0
15570,1
15571,1
15572,1
15573,0
15574,1
15575,1
15576,1
15577,1
15578,1
15579,1
15580,1
15581,1
15582,0
15583,1
15584,1
15585,1
15586,1
15587,1
15588,1
15589,1
15590,1
15591,1
15592,1
15593,1
15594,1
15595,1
15596,1
15597,1
15598,1
15599,1
15600,1
15601,1
15602,1
15608,1
15609,1
15610,1
15611,0
15612,1
15613,1
15614,0
15615,1
15616,1
15617,0
15618,0
15619,1
15620,1
15621,1
15622,1
15623,0
15624,1
15625,1
15626,1
15628,0
15629,1
15630,1
15631,1
15632,1
15633,0
15640,1
15641,1
15642,1
15643,1
15644,1
15645,1
15646,0
15653,0
15654,1
15655,1
15656,1
15657,1
15658,1
15665,1
15666,1
15667,0
15668,1
15669,1
15672,1
15677,1
15678,1
15679,1
15680,1
15681,1
15682,1
15689,1
15690,0
15691,1
15692,1
15693,0
15694,1
15701,0
15702,1
15703,1
15704,1
15705,1
15706,1
15713,1
15714,1
15715,0
15716,1
15717,1
15718,0
15725,1
15726,1
15727,1
15728,1
15729,1
15730,0
15731,1
15738,1
15740,1
15741,1
15742,1
15743,0
15744,1
15751,1
15752,1
15753,1
15754,1
15755,0
15756,1
15763,1
15765,1
15766,1
15767,0
15768,0
15769,1
15776,1
15777,0
15778,1
15779,1
15780,1
15781,1
15782,1
15789,1
15790,1
15791,1
15792,1
15793,1
15794,1
15801,1
15802,1
15803,0
15804,1
15805,0
15806,1
15812,0
15814,1
15815,1
15816,1
15817,1
15818,1
15825,1
15826,0
15827,1
15828,1
15829,1
15830,1
15831,1
15838,1
15839,1
15840,1
15841,1
15842,1
15843,1
15844,1
15851,1
15852,1
15853,1
15854,1
15855,1
15856,1
15864,1
15865,1
15866,1
15867,1
15868,1
15869,1
15873,1
15875,1
15877,1
15879,0
15880,1
15881,1
15888,1
15889,1
15890,1
15891,1
15892,1
15893,1
15894,1
15901,1
15902,1
15903,1
15904,1
15905,1
15906,1
15912,0
15914,0
15915,1
15916,1
15917,1
15918,1
15925,1
15926,1
15927,1
15928,0
15929,1
15930,1
15937,1
15938,1
15939,1
15940,1
15941,1
15942,1
15943,1
15950,1
15951,1
15952,1
15953,1
15954,1
15955,1
15962,1
15963,1
15964,1
15965,1
15966,1
15967,1
15972,1
15973,1
15974,1
15975,1
15976,1
15977,1
15978,1
15979,0
15980,1
15981,0
15982,1
15983,0
15984,1
15985,1
15986,1
15987,1
15988,1
15989,1
15990,1
15991,1
15992,1
15993,1
15994,0
15995,1
15996,1
15997,0
15998,1
15999,1
16000,1
16001,1
16002,1
16003,1
16004,1
16005,0
16006,1
16007,1
16008,1
16009,0
16010,1
16011,1
16012,1
16013,1
16014,1
16015,1
16016,1
16017,1
16018,1
16019,1
16020,1
16021,1
16022,0
16023,0
16024,0
16025,1
16026,0
16027,0
16028,0
16029,0
16030,0
16031,0
16032,1
16033,1
16036,0
16037,1
16038,1
16039,1
16040,0
16041,1
16045,0
16046,1
16047,0
16048,0
16049,1
16050,1
16051,1
16052,0
16053,0
16054,0
16055,1
16056,0
16057,1
16062,1
16063,1
16064,1
16065,1
16066,0
16067,1
16073,0
16075,0
16076,1
16077,1
16078,1
16079,0
16086,1
16087,1
16088,0
16089,0
16090,1
16091,0
16097,0
16099,1
16100,1
16101,0
16102,0
16103,1
16110,0
16112,1
16113,0
16114,1
16115,1
16116,1
16121,1
16123,1
16125,1
16126,1
16127,0
16128,1
16129,0
16134,0
16136,1
16138,1
16139,1
16140,1
16141,1
16148,0
16149,1
16150,0
16151,1
16152,1
16153,1
16160,0
16162,1
16163,1
16164,1
16165,1
16166,1
16172,1
16174,0
16175,1
16176,1
16177,1
16178,1
16184,1
16186,1
16187,1
16188,1
16189,1
16190,0
16191,1
16198,0
16199,0
16200,0
16201,1
16202,0
16203,1
16209,0
16211,0
16212,0
16213,1
16214,0
16215,1
16222,1
16223,1
16224,1
16225,0
16226,0
16227,1
16234,0
16235,0
16236,1
16237,1
16238,0
16239,1
16240,0
16247,0
16248,1
16249,0
16250,0
16251,1
16252,1
16259,0
16260,0
16261,1
16262,1
16263,1
16264,1
16271,1
16272,0
16273,0
16274,1
16275,0
16276,0
16283,1
16285,0
16286,1
16287,1
16288,0
16289,0
16296,1
16297,1
16298,0
16299,1
16300,1
16301,1
16308,1
16309,1
16310,1
16311,1
16312,0
16313,0
16320,0
16321,1
16322,0
16323,1
16324,0
16325,0
16327,1
16333,1
16334,0
16335,1
16336,1
16337,0
16338,0
16345,1
16346,1
16347,1
16348,0
16349,0
16350,1
16358,1
16359,0
16360,1
16361,0
16362,1
16363,0
16370,1
16371,1
16372,0
16373,1
16374,0
16375,1
16382,1
16383,0
16384,1
16385,1
16386,1
16387,1
16394,1
16395,1
16396,0
16397,0
16398,1
16399,0
16407,1
16408,1
16409,1
16410,1
16411,1
16413,1
16415,1
16420,1
16421,1
16422,1
16424,1
16428,1
16431,1
16438,0
16439,1
16440,1
16441,1
16442,0
16443,1
16450,1
16451,0
16452,1
16453,1
16454,1
16455,1
16462,1
16463,1
16464,1
16465,1
16466,1
16467,1
16468,1
16474,1
16475,1
16476,1
16477,1
16478,1
16479,0
16480,0
16481,0
16482,0
16483,1
16484,1
16485,1
16487,1
16488,0
16489,0
16490,1
16491,1
16492,1
16497,1
16498,1
16499,1
16500,1
16501,1
16502,1
16503,0
16504,1
16505,1
16506,1
16507,1
16508,1
16509,1
16510,1
16511,1
16512,1
16513,0
16514,0
16515,1
16516,0
16517,1
16518,1
16519,1
16520,0
16521,0
16522,1
16523,1
16524,1
16525,0
16526,0
16527,1
16528,1
16529,0
16530,1
16531,1
16532,1
16533,1
16537,0
16538,1
16539,1
16540,1
16541,1
16542,1
16549,1
16550,1
16551,1
16552,1
16553,1
16554,1
16561,1
16562,1
16563,1
16564,1
16565,1
16566,1
16573,1
16574,1
16575,1
16576,0
16577,1
16578,1
16585,1
16586,1
16587,0
16588,1
16589,1
16590,1
16597,0
16598,1
16599,1
16600,1
16601,1
16602,1
16609,1
16610,1
16611,1
16612,1
16613,1
16614,1
16616,1
16622,1
16623,1
16624,1
16625,1
16627,1
16631,1
16634,1
16635,1
16636,1
16637,0
16640,1
16643,1
16646,1
16647,0
16648,1
16649,1
16652,1
16655,0
16658,0
16659,0
16660,1
16661,0
16664,1
16667,0
16670,1
16671,0
16672,0
16673,0
16675,0
16679,1
16682,1
16683,0
16684,0
16685,1
16687,1
16690,1
16694,1
16695,1
16696,1
16699,0
16701,1
16704,1
16707,1
16708,1
16711,1
16713,0
16715,0
16717,1
16725,1
16726,1
16727,0
16728,1
16729,0
16731,1
16737,0
16738,0
16739,1
16740,1
16741,1
16742,0
16749,0
16750,0
16751,1
16752,1
